URL_ID,Turnout_Percentage,liczba_uprawnionych,liczba_kart_wydanych_lacznie,liczba_glosow_waznych_na_kandydatow,liczba_kart_niewykorzystanych,liczba_kart_niewaznych,liczba_glosow_niewaznych
1467408,66.11785095320624,1154.0,763.0,763.0,406.0,0.0,0.0
1467417,31.666666666666664,300.0,95.0,94.0,296.0,0.0,1.0
1467418,52.17391304347826,46.0,24.0,24.0,25.0,0.0,0.0
1467425,61.57635467980296,406.0,250.0,246.0,147.0,1.0,3.0
1467459,19.17808219178082,73.0,14.0,13.0,65.0,0.0,1.0
1467556,66.66666666666666,1194.0,796.0,785.0,375.0,3.0,8.0
1467584,68.33611574846967,1797.0,1228.0,1226.0,594.0,0.0,2.0
1467604,28.27868852459016,244.0,69.0,69.0,279.0,0.0,0.0
1467627,63.601532567049816,1566.0,996.0,992.0,625.0,1.0,3.0
1467632,71.32867132867133,1716.0,1224.0,1221.0,600.0,0.0,3.0
1467662,73.20197044334975,2030.0,1486.0,1474.0,553.0,1.0,11.0
1467688,18.91891891891892,74.0,14.0,13.0,62.0,0.0,1.0
1467710,78.2833505687694,967.0,757.0,757.0,248.0,0.0,0.0
1467712,70.45769764216367,721.0,508.0,505.0,471.0,0.0,3.0
1467771,63.18407960199005,1608.0,1016.0,1011.0,579.0,1.0,5.0
1467772,59.68617984308992,1657.0,989.0,986.0,738.0,0.0,3.0
1467792,51.85185185185185,27.0,14.0,14.0,13.0,0.0,0.0
1467812,100.0,1054.0,1054.0,1041.0,208.0,0.0,13.0
1467831,82.05574912891987,574.0,471.0,457.0,102.0,0.0,14.0
1467844,59.820010587612494,1889.0,1130.0,1121.0,829.0,0.0,8.0
1467846,58.08823529411765,1088.0,632.0,616.0,472.0,0.0,16.0
1467854,19.101123595505616,89.0,17.0,17.0,73.0,0.0,0.0
1467877,77.77777777777779,27.0,21.0,21.0,7.0,0.0,0.0
1467878,46.66666666666666,30.0,14.0,14.0,18.0,0.0,0.0
1467966,14.285714285714285,56.0,8.0,8.0,72.0,0.0,0.0
1468000,60.0,35.0,21.0,21.0,30.0,0.0,0.0
1468041,100.0,14.0,14.0,13.0,21.0,0.0,1.0
1468079,60.85657370517929,1004.0,611.0,588.0,371.0,1.0,22.0
1468095,76.68957617411226,1746.0,1339.0,1335.0,748.0,0.0,4.0
1468121,100.0,33.0,33.0,31.0,17.0,0.0,2.0
1468175,100.0,18.0,18.0,18.0,89.0,0.0,0.0
1468215,44.18604651162791,43.0,19.0,19.0,24.0,0.0,0.0
1468220,65.47788873038516,2103.0,1377.0,1374.0,680.0,0.0,3.0
1468226,69.67509025270758,2493.0,1737.0,1725.0,733.0,0.0,12.0
1468276,68.6146095717884,1985.0,1362.0,1352.0,639.0,2.0,8.0
1468378,72.04161248374513,1538.0,1108.0,1100.0,435.0,3.0,4.0
1468418,64.46961894953655,971.0,626.0,614.0,378.0,1.0,11.0
1468420,64.49332285938726,1273.0,821.0,817.0,455.0,1.0,4.0
1468478,62.13921901528013,589.0,366.0,362.0,198.0,1.0,3.0
1468517,84.67741935483872,2232.0,1890.0,1881.0,121.0,0.0,9.0
1468573,62.44700181708056,1651.0,1031.0,1019.0,628.0,3.0,9.0
1468596,14.814814814814811,108.0,16.0,16.0,104.0,0.0,0.0
1468692,71.42857142857143,91.0,65.0,58.0,25.0,0.0,7.0
1468716,20.0,40.0,8.0,8.0,33.0,0.0,0.0
1468717,20.588235294117645,34.0,7.0,7.0,37.0,0.0,0.0
1468732,78.1867145421903,1114.0,871.0,860.0,217.0,2.0,9.0
1468761,63.95348837209303,258.0,165.0,164.0,91.0,1.0,0.0
1468762,74.28571428571429,350.0,260.0,257.0,73.0,1.0,2.0
1468802,57.89473684210527,19.0,11.0,11.0,11.0,0.0,0.0
1468810,56.35135135135136,740.0,417.0,406.0,328.0,1.0,10.0
1468875,62.40963855421688,415.0,259.0,257.0,168.0,1.0,2.0
1468876,70.29288702928869,2390.0,1680.0,1656.0,664.0,0.0,24.0
1468878,70.28650646950092,2164.0,1521.0,1515.0,610.0,0.0,6.0
1468892,13.23529411764706,68.0,9.0,8.0,46.0,0.0,1.0
1468893,32.55813953488372,258.0,84.0,80.0,333.0,0.0,4.0
1468894,100.0,12.0,12.0,12.0,10.0,0.0,0.0
1468895,95.23809523809524,21.0,20.0,20.0,19.0,0.0,0.0
1468899,80.58419243986255,2910.0,2345.0,2320.0,234.0,0.0,25.0
1468902,87.09677419354838,2790.0,2430.0,2415.0,135.0,0.0,15.0
1468914,84.32574430823118,2284.0,1926.0,1898.0,233.0,1.0,27.0
1468923,87.68060836501901,1315.0,1153.0,1145.0,121.0,1.0,7.0
1468934,100.0,16.0,16.0,16.0,15.0,0.0,0.0
1468969,87.5625,1600.0,1401.0,1399.0,115.0,0.0,2.0
1469051,60.64516129032258,775.0,470.0,457.0,309.0,0.0,13.0
1469079,71.42857142857143,14.0,10.0,9.0,7.0,0.0,1.0
1469085,55.50755939524839,1389.0,771.0,759.0,695.0,0.0,12.0
1469105,75.0,24.0,18.0,18.0,12.0,0.0,0.0
1469231,58.88501742160279,1722.0,1014.0,1001.0,762.0,0.0,13.0
1469298,21.923076923076923,520.0,114.0,113.0,406.0,0.0,1.0
1469315,46.40792733278282,1211.0,562.0,558.0,663.0,0.0,4.0
1469319,71.62576687116564,1304.0,934.0,934.0,361.0,0.0,0.0
1469322,81.66901078293483,2133.0,1742.0,1734.0,390.0,0.0,7.0
1469330,72.35772357723577,1353.0,979.0,969.0,377.0,2.0,6.0
1469351,71.23425692695214,1985.0,1414.0,1396.0,591.0,1.0,17.0
1469378,80.27397260273973,2555.0,2051.0,2025.0,133.0,4.0,22.0
1469387,87.58169934640523,2295.0,2010.0,1996.0,155.0,0.0,13.0
1469396,76.96094519199212,3047.0,2345.0,2315.0,397.0,0.0,30.0
1469406,89.62900505902192,2372.0,2126.0,2094.0,43.0,0.0,32.0
1469419,72.89002557544757,1955.0,1425.0,1410.0,257.0,2.0,12.0
1469421,75.85596221959858,1694.0,1285.0,1262.0,184.0,0.0,23.0
1469426,76.96419027258152,1871.0,1440.0,1418.0,180.0,1.0,21.0
1469436,79.02829028290283,1626.0,1285.0,1264.0,238.0,1.0,20.0
1469437,82.57825370675454,2428.0,2005.0,1980.0,104.0,2.0,18.0
1469443,77.60814249363868,1572.0,1220.0,1203.0,145.0,2.0,15.0
1469457,76.47963105303613,1301.0,995.0,978.0,195.0,3.0,14.0
1469472,76.13991255465335,1601.0,1219.0,1209.0,236.0,2.0,10.0
1469478,76.10294117647058,1904.0,1449.0,1436.0,232.0,2.0,11.0
1469479,74.79564032697547,1468.0,1098.0,1096.0,204.0,2.0,8.0
1469484,84.76549127011297,2921.0,2476.0,2450.0,231.0,0.0,26.0
1469488,100.0,1395.0,1395.0,1382.0,319.0,0.0,13.0
1469503,84.33390508862207,1749.0,1475.0,1448.0,269.0,0.0,27.0
1469504,82.26086956521739,2300.0,1892.0,1865.0,278.0,1.0,25.0
1469505,86.45476772616138,2045.0,1768.0,1749.0,34.0,0.0,19.0
1469513,86.93312836279785,2602.0,2262.0,2233.0,184.0,1.0,28.0
1469515,86.15384615384616,2210.0,1904.0,1869.0,57.0,1.0,28.0
1469530,77.20739219712526,974.0,752.0,734.0,136.0,0.0,18.0
1469545,80.06872852233677,1455.0,1165.0,1148.0,250.0,4.0,13.0
1469568,83.42105263157895,1900.0,1585.0,1577.0,186.0,1.0,7.0
1469590,81.95899772209567,2195.0,1799.0,1780.0,324.0,2.0,17.0
1469595,84.23326133909286,1852.0,1560.0,1529.0,167.0,0.0,31.0
1469621,80.33737480231945,1897.0,1524.0,1504.0,226.0,2.0,18.0
1469623,78.94406033940918,1591.0,1256.0,1234.0,234.0,2.0,20.0
1469627,82.17960710944809,2138.0,1757.0,1729.0,150.0,0.0,28.0
1469628,78.65168539325843,2492.0,1960.0,1931.0,266.0,0.0,29.0
1469632,80.71965628356605,1862.0,1503.0,1484.0,249.0,2.0,17.0
1469638,87.10204081632654,2450.0,2134.0,2120.0,114.0,0.0,14.0
1469639,80.1610852055956,2359.0,1891.0,1864.0,298.0,1.0,24.0
1469641,87.99328295549958,2382.0,2096.0,2061.0,324.0,0.0,35.0
1469643,87.07158351409979,2305.0,2007.0,1975.0,119.0,0.0,32.0
1469645,88.34379905808477,2548.0,2251.0,2221.0,159.0,0.0,30.0
1469649,73.26661901358112,1399.0,1025.0,1012.0,292.0,2.0,11.0
1469657,96.62576687116564,652.0,630.0,603.0,135.0,0.0,27.0
1469659,78.51851851851852,540.0,424.0,409.0,195.0,0.0,15.0
1469666,56.22317596566524,233.0,131.0,131.0,349.0,0.0,0.0
1469667,72.48908296943232,229.0,166.0,166.0,451.0,0.0,0.0
1469674,79.47598253275109,229.0,182.0,182.0,382.0,0.0,0.0
1469676,28.23061630218688,503.0,142.0,140.0,189.0,0.0,2.0
1469681,100.0,77.0,77.0,77.0,27.0,0.0,0.0
1469706,74.16184971098266,1730.0,1283.0,1267.0,493.0,4.0,12.0
1469717,50.91383812010444,1149.0,585.0,583.0,564.0,0.0,2.0
1469720,53.41848234410218,1331.0,711.0,698.0,653.0,0.0,13.0
1469747,57.14285714285714,35.0,20.0,20.0,18.0,0.0,0.0
1469748,96.42857142857144,28.0,27.0,27.0,1.0,0.0,0.0
1469761,85.68627450980392,2040.0,1748.0,1739.0,16.0,0.0,9.0
1469764,83.86491557223265,1599.0,1341.0,1331.0,17.0,0.0,10.0
1469869,61.69757489300999,1402.0,865.0,856.0,532.0,1.0,8.0
1469941,76.8313458262351,1174.0,902.0,896.0,150.0,1.0,5.0
1469945,68.53801169590643,855.0,586.0,571.0,255.0,0.0,15.0
1469988,89.07014681892332,613.0,546.0,545.0,25.0,0.0,1.0
1470045,59.75877192982456,912.0,545.0,541.0,344.0,1.0,3.0
1470146,57.56013745704467,582.0,335.0,334.0,234.0,1.0,2.0
1470202,72.02380952380952,672.0,484.0,480.0,203.0,2.0,2.0
1470215,28.80434782608696,184.0,53.0,53.0,326.0,0.0,0.0
1470231,59.84405458089669,1026.0,614.0,611.0,412.0,1.0,2.0
1470263,66.96269982238012,563.0,377.0,370.0,166.0,1.0,6.0
1470339,29.08366533864542,251.0,73.0,73.0,318.0,0.0,0.0
1470462,19.565217391304348,46.0,9.0,8.0,48.0,0.0,1.0
1470524,78.90710382513662,915.0,722.0,716.0,683.0,0.0,6.0
1470568,68.42105263157895,817.0,559.0,554.0,271.0,3.0,2.0
1470719,60.280373831775705,642.0,387.0,382.0,273.0,1.0,4.0
1470731,100.0,18.0,18.0,16.0,58.0,0.0,2.0
1470793,70.6401766004415,453.0,320.0,317.0,133.0,1.0,2.0
1470848,54.7526403557532,1799.0,985.0,978.0,794.0,0.0,7.0
1470869,21.176470588235293,85.0,18.0,13.0,88.0,0.0,5.0
1470885,76.7379679144385,748.0,574.0,571.0,156.0,1.0,2.0
1470959,58.11209439528023,339.0,197.0,194.0,146.0,1.0,2.0
1471009,21.311475409836063,61.0,13.0,13.0,121.0,0.0,0.0
1471020,62.60416666666667,960.0,601.0,597.0,354.0,1.0,3.0
1471062,90.52224371373308,1034.0,936.0,922.0,74.0,0.0,14.0
1471071,32.55813953488372,43.0,14.0,9.0,76.0,0.0,5.0
1471191,64.06926406926407,462.0,296.0,292.0,143.0,1.0,3.0
1471242,76.33790358248562,2261.0,1726.0,1709.0,414.0,2.0,15.0
1471260,80.87508821453775,2834.0,2292.0,2276.0,293.0,0.0,16.0
1471293,75.86062132661628,2382.0,1807.0,1798.0,362.0,0.0,8.0
1471306,75.32374100719424,1390.0,1047.0,1042.0,357.0,3.0,5.0
1471360,78.1303602058319,2332.0,1822.0,1800.0,411.0,1.0,21.0
1471396,72.90589451913134,967.0,705.0,697.0,269.0,4.0,4.0
1471425,38.47376788553259,629.0,242.0,238.0,649.0,0.0,4.0
1471427,48.38709677419355,341.0,165.0,165.0,407.0,0.0,0.0
1471433,57.57575757575758,33.0,19.0,14.0,28.0,0.0,5.0
1471438,6.896551724137931,29.0,2.0,2.0,36.0,0.0,0.0
1471440,93.82716049382717,81.0,76.0,73.0,601.0,0.0,3.0
1471450,55.62053281351527,1539.0,856.0,850.0,750.0,0.0,6.0
1471487,73.73198077949813,1873.0,1381.0,1374.0,441.0,1.0,6.0
1471492,59.74842767295597,318.0,190.0,186.0,606.0,0.0,4.0
1471496,76.2210796915167,1556.0,1186.0,1174.0,334.0,5.0,7.0
1471543,76.55,2000.0,1531.0,1512.0,410.0,2.0,17.0
1471617,20.28985507246377,69.0,14.0,14.0,129.0,0.0,0.0
1471618,68.62745098039215,51.0,35.0,35.0,15.0,0.0,0.0
1471621,98.31460674157304,178.0,175.0,168.0,2388.0,0.0,7.0
1471625,45.45454545454545,957.0,435.0,432.0,528.0,0.0,3.0
1471630,58.09885931558936,1315.0,764.0,764.0,533.0,0.0,0.0
1471663,73.20997586484313,1243.0,910.0,903.0,330.0,2.0,5.0
1471684,42.21938775510204,784.0,331.0,327.0,448.0,0.0,4.0
1471688,67.5,40.0,27.0,27.0,14.0,0.0,0.0
1471690,80.37974683544303,1106.0,889.0,878.0,586.0,0.0,11.0
1471786,80.91922005571031,718.0,581.0,564.0,150.0,0.0,17.0
1471787,84.55772113943029,667.0,564.0,551.0,128.0,0.0,13.0
1471834,69.11764705882352,2108.0,1457.0,1449.0,778.0,0.0,8.0
1471860,54.83870967741935,93.0,51.0,36.0,42.0,0.0,15.0
1471936,69.56521739130434,23.0,16.0,16.0,13.0,0.0,0.0
1471973,56.73624288425047,527.0,299.0,297.0,233.0,1.0,1.0
1472069,50.33783783783784,296.0,149.0,147.0,148.0,1.0,1.0
1472094,61.78637200736649,1086.0,671.0,666.0,417.0,1.0,4.0
1472130,97.95918367346938,49.0,48.0,48.0,42.0,0.0,0.0
1472131,79.58656330749353,387.0,308.0,306.0,79.0,1.0,1.0
1472148,81.90725016329196,1531.0,1254.0,1251.0,277.0,0.0,3.0
1472163,69.58362738179252,1417.0,986.0,976.0,464.0,2.0,8.0
1472217,55.87188612099644,281.0,157.0,154.0,122.0,1.0,2.0
1472244,63.26530612244898,49.0,31.0,31.0,19.0,0.0,0.0
1472492,70.96153846153847,520.0,369.0,365.0,161.0,2.0,2.0
1472522,83.50785340314137,2674.0,2233.0,2210.0,300.0,1.0,22.0
1472588,96.96969696969695,33.0,32.0,32.0,3.0,0.0,0.0
1472700,84.39716312056737,141.0,119.0,117.0,269.0,0.0,2.0
1472861,0.0,34.0,0.0,0.0,30.0,0.0,0.0
1472939,80.2707136997539,2438.0,1957.0,1927.0,482.0,0.0,29.0
1472961,14.285714285714285,35.0,5.0,5.0,34.0,0.0,0.0
1472968,77.04636519748139,1747.0,1346.0,1324.0,92.0,0.0,22.0
1473007,100.0,135.0,135.0,134.0,47.0,0.0,1.0
1473009,100.0,92.0,92.0,92.0,70.0,0.0,0.0
1473208,72.80118255728011,1353.0,985.0,985.0,350.0,0.0,0.0
1473290,63.51648351648351,1365.0,867.0,857.0,521.0,1.0,9.0
1473294,50.59360730593608,1095.0,554.0,553.0,563.0,0.0,1.0
1473447,64.28571428571429,14.0,9.0,9.0,19.0,0.0,0.0
1473506,66.45126548196015,1857.0,1234.0,1232.0,650.0,0.0,2.0
1473539,60.0,20.0,12.0,12.0,36.0,0.0,0.0
1473588,71.23287671232876,2482.0,1768.0,1756.0,718.0,0.0,12.0
1473589,72.49378624689312,2414.0,1750.0,1740.0,723.0,0.0,10.0
1473591,73.73068432671081,1359.0,1002.0,981.0,370.0,12.0,12.0
1473594,71.8888186986734,1583.0,1138.0,1128.0,479.0,2.0,8.0
1473616,62.78195488721805,1596.0,1002.0,1000.0,644.0,0.0,2.0
1473641,34.368070953436806,451.0,155.0,153.0,397.0,0.0,2.0
1473651,82.73572377158035,753.0,623.0,619.0,176.0,1.0,3.0
1473681,87.59590792838875,782.0,685.0,665.0,202.0,4.0,16.0
1473687,79.73990417522245,1461.0,1165.0,1145.0,268.0,1.0,19.0
1473713,80.97421203438395,1745.0,1413.0,1385.0,456.0,0.0,28.0
1473723,74.73614775725594,1516.0,1133.0,1132.0,367.0,0.0,1.0
1473732,81.437125748503,1503.0,1224.0,1202.0,296.0,8.0,14.0
1473840,8.823529411764707,34.0,3.0,3.0,36.0,0.0,0.0
1473851,29.972752043596728,734.0,220.0,216.0,688.0,0.0,4.0
1473858,79.32432432432432,740.0,587.0,569.0,453.0,0.0,18.0
1473885,73.81228273464659,1726.0,1274.0,1270.0,562.0,0.0,3.0
1473893,66.66666666666666,15.0,10.0,10.0,12.0,0.0,0.0
1474019,70.46332046332047,518.0,365.0,351.0,149.0,0.0,14.0
1474021,54.285714285714285,35.0,19.0,19.0,21.0,0.0,0.0
1474055,42.4802110817942,379.0,161.0,157.0,370.0,0.0,4.0
1474083,14.634146341463412,82.0,12.0,12.0,118.0,0.0,0.0
1474100,72.94498381877023,1545.0,1127.0,1110.0,425.0,3.0,12.0
1474151,64.09302325581395,1075.0,689.0,670.0,361.0,0.0,19.0
1474178,65.33742331288343,978.0,639.0,638.0,115.0,0.0,1.0
1474230,65.63231850117096,1708.0,1121.0,1120.0,609.0,0.0,1.0
1474318,39.0295358649789,474.0,185.0,180.0,318.0,0.0,5.0
1474349,19.672131147540984,61.0,12.0,12.0,73.0,0.0,0.0
1474395,80.54830287206266,766.0,617.0,598.0,148.0,0.0,19.0
1474430,73.4567901234568,162.0,119.0,118.0,38.0,1.0,0.0
1474439,64.59048553212358,2039.0,1317.0,1298.0,764.0,0.0,17.0
1474482,57.410714285714285,1120.0,643.0,629.0,525.0,0.0,14.0
1474488,57.767548906789415,869.0,502.0,498.0,353.0,1.0,3.0
1474500,12.195121951219512,82.0,10.0,10.0,60.0,0.0,0.0
1474539,100.0,52.0,52.0,52.0,24.0,0.0,0.0
1474540,100.0,44.0,44.0,42.0,21.0,0.0,2.0
1474547,55.382700684505295,1607.0,890.0,878.0,713.0,0.0,12.0
1474556,55.65985643290999,1811.0,1008.0,995.0,783.0,0.0,12.0
1474569,19.51219512195122,41.0,8.0,7.0,42.0,0.0,1.0
1474622,59.528688524590166,1952.0,1162.0,1153.0,811.0,0.0,9.0
1474623,65.24640657084188,1948.0,1271.0,1257.0,687.0,2.0,12.0
1474641,17.94871794871795,78.0,14.0,14.0,69.0,0.0,0.0
1474681,70.4570184983678,1838.0,1295.0,1287.0,513.0,1.0,7.0
1474739,82.73809523809523,1680.0,1390.0,1380.0,278.0,2.0,8.0
1474749,78.6783042394015,2406.0,1893.0,1882.0,432.0,1.0,10.0
1474765,83.65384615384616,520.0,435.0,427.0,85.0,1.0,7.0
1474808,78.34474175482265,1607.0,1259.0,1232.0,405.0,0.0,27.0
1474822,33.222591362126245,301.0,100.0,100.0,351.0,0.0,0.0
1474845,100.0,27.0,27.0,26.0,34.0,0.0,1.0
1474851,71.94444444444444,720.0,518.0,509.0,192.0,8.0,0.0
1474889,65.27777777777779,1512.0,987.0,977.0,532.0,2.0,8.0
1474909,20.33898305084746,59.0,12.0,11.0,63.0,0.0,1.0
1475019,75.6,250.0,189.0,178.0,48.0,0.0,11.0
1475023,61.858736059479554,1345.0,832.0,818.0,499.0,1.0,13.0
1475030,22.448979591836736,98.0,22.0,22.0,198.0,0.0,0.0
1475032,48.71794871794872,39.0,19.0,19.0,18.0,0.0,0.0
1475040,97.2972972972973,37.0,36.0,30.0,3.0,0.0,6.0
1475104,100.0,42.0,42.0,40.0,8.0,0.0,2.0
1475133,71.48014440433214,1108.0,792.0,784.0,307.0,3.0,5.0
1475161,78.30109335576114,1189.0,931.0,918.0,238.0,2.0,8.0
1475210,76.74825174825175,572.0,439.0,429.0,126.0,2.0,8.0
1475221,84.5,200.0,169.0,165.0,34.0,1.0,3.0
1475266,78.66004962779157,403.0,317.0,315.0,83.0,1.0,1.0
1475299,63.27967806841046,994.0,629.0,627.0,383.0,1.0,1.0
1475308,68.23238566131026,809.0,552.0,537.0,278.0,0.0,15.0
1475316,80.42071197411003,618.0,497.0,494.0,120.0,1.0,2.0
1475324,78.59007832898173,766.0,602.0,593.0,46.0,2.0,7.0
1475355,77.80032467532467,2464.0,1917.0,1890.0,494.0,0.0,26.0
1475361,67.01931922723091,2174.0,1457.0,1441.0,653.0,1.0,15.0
1475367,75.79585649317838,1979.0,1500.0,1491.0,436.0,1.0,7.0
1475370,77.41935483870968,2573.0,1992.0,1967.0,541.0,0.0,25.0
1475377,74.42414614773631,2518.0,1874.0,1862.0,602.0,0.0,11.0
1475381,40.32786885245901,305.0,123.0,123.0,379.0,0.0,0.0
1475407,15.151515151515152,33.0,5.0,5.0,16.0,0.0,0.0
1475437,23.809523809523807,63.0,15.0,14.0,44.0,0.0,1.0
1475514,100.0,18.0,18.0,15.0,4.0,0.0,3.0
1475527,73.80952380952381,42.0,31.0,23.0,21.0,0.0,8.0
1475608,67.17346233586731,1447.0,972.0,964.0,463.0,2.0,6.0
1475620,60.27044430135222,1553.0,936.0,928.0,592.0,1.0,7.0
1475695,17.28395061728395,81.0,14.0,11.0,67.0,0.0,3.0
1475696,23.52941176470588,34.0,8.0,8.0,27.0,0.0,0.0
1475778,36.08695652173913,460.0,166.0,162.0,317.0,0.0,4.0
1475798,70.95435684647303,1205.0,855.0,848.0,349.0,2.0,5.0
1475831,25.86206896551724,58.0,15.0,15.0,42.0,0.0,0.0
1475843,29.526462395543174,359.0,106.0,103.0,378.0,0.0,3.0
1475902,68.55828220858896,1956.0,1341.0,1324.0,607.0,1.0,16.0
1475926,14.893617021276595,47.0,7.0,7.0,54.0,0.0,0.0
1475929,73.2824427480916,655.0,480.0,476.0,148.0,1.0,3.0
1476102,66.62561576354679,812.0,541.0,525.0,269.0,0.0,16.0
1476122,100.0,15.0,15.0,15.0,35.0,0.0,0.0
1476153,48.0,25.0,12.0,11.0,15.0,0.0,1.0
1476163,73.6451048951049,2288.0,1685.0,1661.0,586.0,0.0,24.0
1476164,75.77639751552795,1288.0,976.0,958.0,268.0,1.0,17.0
1476177,8.333333333333332,12.0,1.0,1.0,28.0,0.0,0.0
1476223,78.73163186388244,1293.0,1018.0,996.0,218.0,0.0,22.0
1476231,63.63636363636363,11.0,7.0,7.0,34.0,0.0,0.0
1476234,27.77777777777778,36.0,10.0,10.0,31.0,0.0,0.0
1476235,60.0,10.0,6.0,6.0,22.0,0.0,0.0
1476236,74.7329498767461,2434.0,1819.0,1798.0,594.0,1.0,19.0
1476238,73.37870296236989,2498.0,1833.0,1817.0,557.0,1.0,15.0
1476239,74.45146894756415,2689.0,2002.0,1987.0,615.0,0.0,15.0
1476240,72.07023274806043,2449.0,1765.0,1754.0,625.0,0.0,11.0
1476243,84.08463661453543,2174.0,1828.0,1806.0,272.0,2.0,20.0
1476348,81.24310408238323,2719.0,2209.0,2189.0,420.0,0.0,16.0
1476352,81.34073441502989,2342.0,1905.0,1896.0,444.0,0.0,8.0
1476354,75.56420233463035,2570.0,1942.0,1919.0,548.0,0.0,23.0
1476365,70.8314606741573,2225.0,1576.0,1559.0,588.0,1.0,16.0
1476368,75.34562211981567,2604.0,1962.0,1933.0,589.0,0.0,29.0
1476369,81.47668393782384,2316.0,1887.0,1864.0,441.0,3.0,20.0
1476371,80.34965034965035,1430.0,1149.0,1147.0,250.0,0.0,2.0
1476372,83.16654753395282,2798.0,2327.0,2303.0,396.0,0.0,24.0
1476379,75.39208364451083,2678.0,2019.0,2008.0,511.0,1.0,10.0
1476394,78.37028160575194,1669.0,1308.0,1299.0,291.0,2.0,7.0
1476404,76.46610814927647,2626.0,2008.0,1979.0,545.0,0.0,27.0
1476407,63.1083844580777,2445.0,1543.0,1522.0,887.0,0.0,19.0
1476413,76.34180790960453,2832.0,2162.0,2132.0,400.0,0.0,30.0
1476421,79.20997920997921,962.0,762.0,750.0,162.0,2.0,10.0
1476424,84.18046830382639,1751.0,1474.0,1458.0,233.0,9.0,7.0
1476452,73.15329626687847,1259.0,921.0,906.0,250.0,2.0,11.0
1476456,74.90196078431373,2805.0,2101.0,2081.0,684.0,0.0,19.0
1476457,79.17570498915401,2766.0,2190.0,2170.0,512.0,0.0,19.0
1476463,81.07680126682502,1263.0,1024.0,1022.0,227.0,0.0,2.0
1476464,83.4045860862806,2573.0,2146.0,2130.0,471.0,0.0,16.0
1476472,73.67070040337367,2727.0,2009.0,1986.0,518.0,0.0,23.0
1476481,67.129372570794,1801.0,1209.0,1187.0,525.0,0.0,22.0
1476493,74.69418960244649,2616.0,1954.0,1929.0,553.0,1.0,22.0
1476497,61.71146461876028,1823.0,1125.0,1112.0,644.0,1.0,12.0
1476499,61.38175376439327,2258.0,1386.0,1365.0,763.0,0.0,20.0
1476508,75.88100686498855,2185.0,1658.0,1632.0,572.0,0.0,26.0
1476510,79.03897086643966,2643.0,2089.0,2060.0,656.0,1.0,23.0
1476522,96.81717246484088,1351.0,1308.0,1284.0,292.0,0.0,23.0
1476527,78.27715355805243,2670.0,2090.0,2064.0,462.0,0.0,26.0
1476535,78.79858657243817,1132.0,892.0,888.0,193.0,1.0,4.0
1476539,84.37847866419294,2695.0,2274.0,2258.0,455.0,0.0,16.0
1476542,85.23274478330659,3115.0,2655.0,2621.0,609.0,0.0,33.0
1476543,82.78972935461485,2882.0,2386.0,2363.0,375.0,0.0,23.0
1476544,81.59392789373814,2635.0,2150.0,2141.0,293.0,0.0,9.0
1476553,74.44532488114105,2524.0,1879.0,1856.0,711.0,0.0,23.0
1476562,60.99647710115752,1987.0,1212.0,1199.0,645.0,1.0,12.0
1476570,78.2010582010582,1890.0,1478.0,1453.0,501.0,1.0,21.0
1476574,79.30574098798398,2247.0,1782.0,1774.0,541.0,0.0,8.0
1476578,74.93765586034912,2406.0,1803.0,1778.0,531.0,0.0,25.0
1476579,79.78511738957421,2513.0,2005.0,1994.0,469.0,0.0,11.0
1476591,77.05595193390913,2663.0,2052.0,2042.0,560.0,0.0,10.0
1476592,79.68111201962388,2446.0,1949.0,1922.0,405.0,1.0,27.0
1476598,80.66914498141264,2152.0,1736.0,1705.0,230.0,0.0,31.0
1476600,74.66027178257394,1251.0,934.0,915.0,338.0,1.0,16.0
1476618,74.75538160469667,2555.0,1910.0,1887.0,582.0,0.0,22.0
1476622,85.83840139009557,1151.0,988.0,977.0,516.0,0.0,11.0
1476629,71.89859762675297,1854.0,1333.0,1324.0,587.0,1.0,7.0
1476637,69.04761904761905,42.0,29.0,29.0,15.0,0.0,0.0
1476641,100.0,102.0,102.0,100.0,245.0,0.0,2.0
1476644,100.0,49.0,49.0,49.0,103.0,0.0,0.0
1476658,39.27125506072874,494.0,194.0,173.0,406.0,0.0,21.0
1476661,76.41509433962264,318.0,243.0,240.0,493.0,0.0,3.0
1476663,67.13286713286713,572.0,384.0,382.0,429.0,0.0,2.0
1476664,70.06802721088435,147.0,103.0,100.0,217.0,1.0,2.0
1476665,94.6969696969697,132.0,125.0,123.0,2336.0,0.0,2.0
1476666,99.08256880733946,109.0,108.0,107.0,3706.0,0.0,1.0
1476667,96.92307692307692,130.0,126.0,125.0,739.0,0.0,1.0
1476708,100.0,8.0,8.0,7.0,5.0,0.0,1.0
1476738,100.0,65.0,65.0,64.0,179.0,0.0,1.0
1476757,16.0,75.0,12.0,12.0,70.0,0.0,0.0
1476827,63.4193862640039,2053.0,1302.0,1296.0,792.0,0.0,6.0
1476843,70.87802940007946,2517.0,1784.0,1770.0,724.0,1.0,13.0
1476846,67.73662551440329,2430.0,1646.0,1637.0,802.0,0.0,9.0
1476849,66.83123877917416,2228.0,1489.0,1481.0,776.0,0.0,8.0
1476877,100.0,23.0,23.0,23.0,3.0,0.0,0.0
1476891,59.52063914780293,751.0,447.0,442.0,290.0,1.0,4.0
1476952,100.0,156.0,156.0,154.0,280.0,0.0,2.0
1476996,52.10280373831776,1284.0,669.0,663.0,659.0,0.0,6.0
1477056,63.670237540754535,2147.0,1367.0,1352.0,817.0,0.0,15.0
1477080,26.49842271293376,317.0,84.0,83.0,216.0,0.0,1.0
1477081,65.84216725559482,1698.0,1118.0,1102.0,573.0,1.0,15.0
1477087,68.09917355371901,2420.0,1648.0,1639.0,813.0,0.0,9.0
1477093,72.32732072151342,2273.0,1644.0,1636.0,667.0,0.0,8.0
1477145,57.14285714285714,21.0,12.0,11.0,9.0,0.0,1.0
1477158,74.58461538461538,1625.0,1212.0,1210.0,359.0,0.0,2.0
1477225,75.67567567567568,999.0,756.0,746.0,198.0,2.0,8.0
1477351,79.46145723336853,1894.0,1505.0,1476.0,321.0,0.0,29.0
1477359,77.71295215869311,857.0,666.0,650.0,180.0,0.0,16.0
1477370,100.0,23.0,23.0,23.0,82.0,0.0,0.0
1477376,82.86082474226805,776.0,643.0,628.0,125.0,0.0,15.0
1477397,75.49668874172185,302.0,228.0,226.0,74.0,1.0,1.0
1477398,86.30952380952381,840.0,725.0,718.0,119.0,2.0,5.0
1477418,88.67713004484304,892.0,791.0,774.0,97.0,0.0,17.0
1477464,68.0,25.0,17.0,17.0,5.0,0.0,0.0
1477519,100.0,76.0,76.0,71.0,11.0,0.0,5.0
1477549,40.74074074074074,27.0,11.0,11.0,20.0,0.0,0.0
1477611,100.0,30.0,30.0,29.0,71.0,0.0,1.0
1477648,34.61538461538461,26.0,9.0,9.0,21.0,0.0,0.0
1477663,76.04251839738349,2446.0,1860.0,1851.0,473.0,0.0,9.0
1477676,100.0,20.0,20.0,19.0,2.0,0.0,1.0
1477677,100.0,25.0,25.0,25.0,12.0,0.0,0.0
1477759,23.52941176470588,34.0,8.0,8.0,33.0,0.0,0.0
1477760,73.64597093791282,1514.0,1115.0,1115.0,357.0,0.0,0.0
1477790,77.54749568221071,579.0,449.0,444.0,124.0,1.0,4.0
1477813,84.71544715447155,1230.0,1042.0,1035.0,48.0,0.0,7.0
1477816,83.46774193548387,1240.0,1035.0,1021.0,25.0,0.0,14.0
1477947,77.32793522267207,1235.0,955.0,935.0,126.0,0.0,19.0
1477948,68.39134524929446,1063.0,727.0,725.0,136.0,0.0,2.0
1477949,68.81720430107528,1488.0,1024.0,1017.0,306.0,2.0,6.0
1477952,48.28193832599119,1135.0,548.0,544.0,605.0,0.0,4.0
1477982,71.75948743223263,2029.0,1456.0,1452.0,544.0,0.0,4.0
1478016,67.43070362473348,1876.0,1265.0,1263.0,567.0,0.0,2.0
1478033,71.00238663484487,1676.0,1190.0,1178.0,433.0,3.0,8.0
1478044,66.69921875,2048.0,1366.0,1361.0,718.0,0.0,5.0
1478047,62.5,32.0,20.0,20.0,13.0,0.0,0.0
1478061,26.923076923076923,26.0,7.0,6.0,28.0,0.0,1.0
1478062,100.0,97.0,97.0,96.0,53.0,0.0,1.0
1478118,75.35037098103875,1213.0,914.0,895.0,307.0,2.0,18.0
1478143,21.875,128.0,28.0,28.0,115.0,0.0,0.0
1478206,31.818181818181817,66.0,21.0,21.0,19.0,0.0,0.0
1478412,20.930232558139537,129.0,27.0,25.0,94.0,0.0,2.0
1478413,19.19191919191919,99.0,19.0,19.0,81.0,0.0,0.0
1478461,66.8041237113402,1455.0,972.0,966.0,506.0,2.0,4.0
1478640,76.43769968051119,1252.0,957.0,947.0,18.0,0.0,10.0
1478648,75.53816046966732,1022.0,772.0,767.0,37.0,0.0,5.0
1478650,62.7906976744186,86.0,54.0,54.0,6.0,0.0,0.0
1478664,88.19226750261234,957.0,844.0,839.0,141.0,0.0,3.0
1478675,61.56405990016639,1803.0,1110.0,1107.0,666.0,0.0,3.0
1478680,76.25272331154684,1377.0,1050.0,1046.0,54.0,0.0,4.0
1478682,62.3049823855058,1987.0,1238.0,1218.0,659.0,11.0,10.0
1478736,51.85185185185185,54.0,28.0,28.0,23.0,0.0,0.0
1478857,72.04030226700252,1191.0,858.0,840.0,349.0,13.0,5.0
1478903,72.17675941080196,611.0,441.0,437.0,132.0,1.0,3.0
1478920,80.3083391730904,1427.0,1146.0,1131.0,67.0,2.0,13.0
1478941,84.54291695743196,2866.0,2423.0,2401.0,257.0,0.0,22.0
1478959,82.30852211434735,1854.0,1526.0,1501.0,178.0,3.0,22.0
1478986,81.71074845244794,1777.0,1452.0,1438.0,121.0,1.0,15.0
1478989,85.6990394877268,937.0,803.0,786.0,96.0,0.0,16.0
1479001,78.64768683274022,1967.0,1547.0,1517.0,205.0,0.0,29.0
1479007,89.85568760611206,2356.0,2117.0,2102.0,155.0,0.0,15.0
1479008,87.89329685362517,1462.0,1285.0,1262.0,198.0,0.0,23.0
1479010,73.19444444444444,1440.0,1054.0,1028.0,235.0,0.0,26.0
1479020,81.61189358372457,1278.0,1043.0,1022.0,165.0,0.0,21.0
1479021,85.01519756838906,3290.0,2797.0,2767.0,298.0,0.0,30.0
1479026,81.63919413919413,2184.0,1783.0,1754.0,238.0,0.0,29.0
1479032,87.17672413793103,1856.0,1618.0,1574.0,381.0,0.0,40.0
1479033,80.52805280528052,1818.0,1464.0,1438.0,421.0,0.0,25.0
1479035,87.07165109034268,1926.0,1677.0,1650.0,309.0,0.0,27.0
1479039,79.29759704251387,1623.0,1287.0,1263.0,222.0,0.0,24.0
1479042,86.61749209694415,1898.0,1644.0,1630.0,339.0,1.0,13.0
1479053,88.00695249130939,1726.0,1519.0,1510.0,146.0,0.0,8.0
1479055,85.49920760697306,1262.0,1079.0,1071.0,65.0,2.0,7.0
1479061,81.26822157434403,1372.0,1115.0,1096.0,155.0,2.0,17.0
1479082,86.39705882352942,1632.0,1410.0,1385.0,269.0,0.0,25.0
1479084,84.37956204379562,1370.0,1156.0,1132.0,255.0,0.0,23.0
1479098,83.25969563082965,2037.0,1696.0,1662.0,215.0,1.0,33.0
1479102,84.22018348623853,1635.0,1377.0,1353.0,127.0,4.0,20.0
1479105,85.56149732620321,1496.0,1280.0,1263.0,152.0,1.0,14.0
1479108,85.99404001702852,2349.0,2020.0,1990.0,191.0,0.0,29.0
1479117,80.0808897876643,989.0,792.0,772.0,142.0,1.0,19.0
1479122,84.15545590433483,2007.0,1689.0,1669.0,170.0,2.0,17.0
1479139,84.41176470588235,2040.0,1722.0,1689.0,169.0,0.0,33.0
1479149,73.7527114967462,1383.0,1020.0,998.0,324.0,0.0,22.0
1479154,75.9702725020644,1211.0,920.0,899.0,231.0,0.0,21.0
1479166,71.78571428571429,1120.0,804.0,804.0,257.0,0.0,0.0
1479169,76.91686844229217,1239.0,953.0,952.0,265.0,0.0,1.0
1479174,77.19576719576719,1890.0,1459.0,1447.0,334.0,2.0,10.0
1479188,85.35291717666259,2451.0,2092.0,2062.0,434.0,0.0,29.0
1479196,82.45067497403946,963.0,794.0,779.0,94.0,0.0,15.0
1479203,87.63736263736264,2548.0,2233.0,2206.0,138.0,0.0,25.0
1479206,82.22402597402598,2464.0,2026.0,2013.0,171.0,0.0,13.0
1479210,86.45161290322581,1395.0,1206.0,1193.0,131.0,1.0,12.0
1479214,87.57206918641897,1561.0,1367.0,1340.0,291.0,0.0,26.0
1479215,78.63372093023256,1376.0,1082.0,1063.0,267.0,3.0,16.0
1479219,81.40243902439023,1312.0,1068.0,1053.0,150.0,2.0,11.0
1479245,82.61633011413521,2278.0,1882.0,1851.0,245.0,0.0,31.0
1479318,86.68380462724936,1945.0,1686.0,1658.0,187.0,1.0,24.0
1479320,88.11475409836066,1464.0,1290.0,1267.0,86.0,0.0,23.0
1479328,100.0,7.0,7.0,7.0,17.0,0.0,0.0
1479329,38.95027624309392,362.0,141.0,137.0,337.0,0.0,4.0
1479333,56.41025641025641,39.0,22.0,22.0,28.0,0.0,0.0
1479334,81.00890207715133,337.0,273.0,270.0,329.0,0.0,3.0
1479337,16.49484536082474,97.0,16.0,16.0,92.0,0.0,0.0
1479340,100.0,773.0,773.0,748.0,1231.0,0.0,25.0
1479341,97.03703703703704,135.0,131.0,127.0,510.0,0.0,4.0
1479342,98.33333333333331,120.0,118.0,116.0,558.0,0.0,1.0
1479350,50.39370078740157,635.0,320.0,312.0,389.0,1.0,7.0
1479352,32.30769230769231,455.0,147.0,145.0,407.0,0.0,2.0
1479358,59.15492957746479,213.0,126.0,114.0,254.0,0.0,12.0
1479359,100.0,116.0,116.0,114.0,172.0,0.0,2.0
1479366,100.0,116.0,116.0,115.0,142.0,0.0,1.0
1479418,100.0,170.0,170.0,169.0,20.0,0.0,1.0
1479491,18.84057971014493,69.0,13.0,13.0,68.0,0.0,0.0
1479494,96.49122807017544,57.0,55.0,55.0,15.0,0.0,0.0
1479506,74.66216216216216,592.0,442.0,436.0,136.0,1.0,5.0
1479806,84.05405405405405,740.0,622.0,613.0,88.0,1.0,8.0
1479837,84.5821325648415,694.0,587.0,573.0,79.0,0.0,14.0
1479841,86.41703377386197,1362.0,1177.0,1158.0,97.0,0.0,19.0
1479842,84.34782608695653,805.0,679.0,678.0,40.0,0.0,1.0
1479848,65.0,20.0,13.0,13.0,8.0,0.0,0.0
1479927,53.191489361702125,94.0,50.0,41.0,43.0,0.0,9.0
1479934,66.66666666666666,30.0,20.0,20.0,31.0,0.0,0.0
1480020,68.05111821086261,313.0,213.0,212.0,80.0,1.0,0.0
1480031,72.16352779053744,2177.0,1571.0,1543.0,524.0,0.0,27.0
1480033,78.74747474747474,2475.0,1949.0,1930.0,416.0,2.0,17.0
1480042,80.04597701149424,2175.0,1741.0,1728.0,391.0,1.0,13.0
1480050,67.05882352941175,85.0,57.0,47.0,35.0,0.0,10.0
1480051,20.253164556962027,79.0,16.0,16.0,76.0,0.0,0.0
1480053,82.66550522648085,2296.0,1898.0,1886.0,341.0,1.0,11.0
1480055,80.93434343434343,1584.0,1282.0,1278.0,212.0,0.0,4.0
1480076,79.82062780269058,2676.0,2136.0,2117.0,271.0,2.0,17.0
1480080,76.83634020618557,3104.0,2385.0,2358.0,457.0,0.0,27.0
1480082,80.69151324651999,2227.0,1797.0,1784.0,229.0,1.0,12.0
1480096,100.0,19.0,19.0,19.0,42.0,0.0,0.0
1480267,81.63064833005895,2036.0,1662.0,1657.0,266.0,0.0,5.0
1480350,76.68845315904139,459.0,352.0,349.0,91.0,1.0,2.0
1480353,23.01255230125523,239.0,55.0,55.0,249.0,0.0,0.0
1480363,82.26378587552402,3101.0,2551.0,2522.0,245.0,0.0,29.0
1480376,73.54939884997387,1913.0,1407.0,1403.0,495.0,0.0,4.0
1480439,79.30648769574944,2682.0,2127.0,2097.0,393.0,0.0,30.0
1480488,66.46010844306738,1291.0,858.0,851.0,383.0,2.0,5.0
1480709,85.98028477546549,913.0,785.0,770.0,100.0,0.0,15.0
1480710,85.17217146872804,1423.0,1212.0,1205.0,70.0,0.0,7.0
1480733,84.74341192787794,1442.0,1222.0,1195.0,250.0,8.0,20.0
1480763,84.07367280606717,923.0,776.0,774.0,92.0,0.0,2.0
1480806,86.67563930013459,743.0,644.0,643.0,14.0,0.0,1.0
1480822,79.57813998082455,1043.0,830.0,824.0,153.0,1.0,5.0
1480823,75.53516819571865,654.0,494.0,491.0,144.0,1.0,2.0
1480827,76.87074829931973,1470.0,1130.0,1111.0,271.0,2.0,17.0
1480832,74.945295404814,914.0,685.0,683.0,508.0,0.0,2.0
1480839,86.71698113207547,1325.0,1149.0,1140.0,121.0,1.0,8.0
1480856,95.34883720930232,43.0,41.0,41.0,10.0,0.0,0.0
1480858,96.1904761904762,105.0,101.0,98.0,204.0,0.0,3.0
1480861,100.0,121.0,121.0,121.0,41.0,0.0,0.0
1480862,50.0,52.0,26.0,26.0,24.0,0.0,0.0
1480864,100.0,18.0,18.0,17.0,7.0,0.0,1.0
1480867,89.50795947901592,1382.0,1237.0,1233.0,88.0,0.0,4.0
1480870,89.89431968295905,1514.0,1361.0,1347.0,40.0,0.0,14.0
1480871,89.90338164251209,2070.0,1861.0,1841.0,66.0,0.0,20.0
1480872,84.84959647835657,2726.0,2313.0,2293.0,190.0,0.0,18.0
1480875,89.03985507246377,2208.0,1966.0,1942.0,36.0,0.0,24.0
1480876,90.68376068376068,1170.0,1061.0,1050.0,58.0,0.0,11.0
1480878,80.80517613227893,2782.0,2248.0,2216.0,269.0,0.0,30.0
1480891,85.09643483343075,1711.0,1456.0,1449.0,98.0,0.0,7.0
1480895,84.30173292558614,981.0,827.0,820.0,152.0,1.0,6.0
1480908,88.88888888888889,2178.0,1936.0,1923.0,58.0,0.0,11.0
1480909,90.43879907621248,2165.0,1958.0,1944.0,22.0,0.0,14.0
1480922,82.92035398230088,1130.0,937.0,934.0,113.0,0.0,3.0
1480928,87.26483357452966,1382.0,1206.0,1191.0,30.0,0.0,15.0
1480929,84.78386167146974,1735.0,1471.0,1462.0,80.0,0.0,8.0
1480939,88.61330326944757,887.0,786.0,777.0,44.0,0.0,9.0
1480973,83.0,100.0,83.0,75.0,15.0,0.0,8.0
1481127,81.66894664842681,731.0,597.0,597.0,48.0,0.0,0.0
1481157,32.87356321839081,435.0,143.0,141.0,368.0,0.0,2.0
1481179,84.5084920226454,1943.0,1642.0,1619.0,126.0,1.0,22.0
1481183,80.78602620087337,2519.0,2035.0,2023.0,319.0,0.0,12.0
1481191,82.52170630426576,2649.0,2186.0,2151.0,204.0,3.0,31.0
1481200,86.57817109144543,1356.0,1174.0,1168.0,134.0,0.0,5.0
1481203,84.73581213307241,2555.0,2165.0,2149.0,145.0,0.0,16.0
1481206,100.0,224.0,224.0,222.0,432.0,0.0,2.0
1481209,57.77777777777777,45.0,26.0,26.0,27.0,0.0,0.0
1481210,80.78602620087337,1603.0,1295.0,1274.0,230.0,1.0,20.0
1481243,84.47729672650475,947.0,800.0,789.0,64.0,1.0,10.0
1481248,85.61872909698997,1794.0,1536.0,1514.0,40.0,0.0,22.0
1481252,88.379705400982,1222.0,1080.0,1070.0,32.0,1.0,9.0
1481263,84.10214168039539,1214.0,1021.0,1013.0,121.0,2.0,6.0
1481276,69.56521739130434,92.0,64.0,53.0,125.0,0.0,11.0
1481380,75.53956834532374,278.0,210.0,207.0,56.0,1.0,2.0
1481409,70.06802721088435,882.0,618.0,607.0,284.0,3.0,8.0
1481429,70.63917525773195,2425.0,1713.0,1699.0,783.0,0.0,13.0
1481436,71.7948717948718,39.0,28.0,28.0,19.0,0.0,0.0
1481494,100.0,10.0,10.0,10.0,130.0,0.0,0.0
1481536,100.0,132.0,132.0,129.0,1.0,0.0,3.0
1481545,79.09482758620689,1856.0,1468.0,1466.0,366.0,0.0,2.0
1481602,70.95980311730928,1219.0,865.0,865.0,355.0,0.0,0.0
1481706,19.047619047619047,63.0,12.0,12.0,56.0,0.0,0.0
1481758,100.0,34.0,34.0,34.0,4.0,0.0,0.0
1481799,77.32558139534885,1376.0,1064.0,1056.0,227.0,2.0,6.0
1481803,68.39506172839506,1620.0,1108.0,1104.0,542.0,1.0,3.0
1481807,74.20957542908762,2214.0,1643.0,1621.0,643.0,0.0,22.0
1481906,35.714285714285715,28.0,10.0,10.0,22.0,0.0,0.0
1481929,88.86997957794418,2938.0,2611.0,2588.0,76.0,0.0,23.0
1481938,85.44274455261937,2157.0,1843.0,1813.0,45.0,0.0,30.0
1481944,85.31571218795888,1362.0,1162.0,1144.0,62.0,0.0,18.0
1481946,80.62554300608167,1151.0,928.0,908.0,121.0,0.0,20.0
1481963,89.82456140350877,1140.0,1024.0,1008.0,154.0,0.0,16.0
1482012,72.41379310344827,29.0,21.0,21.0,13.0,0.0,0.0
1482038,81.37310073157006,1777.0,1446.0,1431.0,301.0,2.0,13.0
1482075,78.25484764542936,2166.0,1695.0,1671.0,390.0,1.0,23.0
1482143,81.4453125,2560.0,2085.0,2078.0,263.0,0.0,7.0
1482150,80.22222222222221,2250.0,1805.0,1793.0,249.0,1.0,11.0
1482151,84.2042042042042,1665.0,1402.0,1390.0,146.0,1.0,11.0
1482153,50.0,28.0,14.0,14.0,21.0,0.0,0.0
1482204,79.53708574434508,1901.0,1512.0,1503.0,327.0,1.0,8.0
1482318,24.074074074074076,54.0,13.0,13.0,37.0,0.0,0.0
1482402,21.62162162162162,111.0,24.0,23.0,96.0,0.0,1.0
1482420,66.46058732612056,1941.0,1290.0,1273.0,810.0,0.0,17.0
1482446,100.0,12.0,12.0,12.0,8.0,0.0,0.0
1482448,20.833333333333336,24.0,5.0,5.0,33.0,0.0,0.0
1482470,72.32752084912812,1319.0,954.0,948.0,346.0,4.0,2.0
1482518,65.46184738955823,249.0,163.0,162.0,582.0,0.0,1.0
1482519,81.6,625.0,510.0,497.0,512.0,0.0,12.0
1482542,71.7741935483871,1364.0,979.0,966.0,381.0,5.0,7.0
1482650,67.05729166666666,1536.0,1030.0,1025.0,458.0,1.0,4.0
1482674,18.81188118811881,101.0,19.0,19.0,91.0,0.0,0.0
1482677,84.66165413533835,1330.0,1126.0,1123.0,248.0,0.0,3.0
1482678,88.7583035258048,1957.0,1737.0,1721.0,301.0,1.0,15.0
1482683,91.6776750330251,1514.0,1388.0,1375.0,111.0,1.0,12.0
1482684,85.23664785062961,2303.0,1963.0,1937.0,95.0,0.0,26.0
1482685,82.5536809815951,2608.0,2153.0,2126.0,453.0,0.0,27.0
1482687,85.93205574912892,2296.0,1973.0,1954.0,306.0,1.0,19.0
1482692,91.864406779661,1475.0,1355.0,1339.0,57.0,0.0,16.0
1482693,90.4367469879518,1328.0,1201.0,1174.0,130.0,0.0,26.0
1482694,88.09631985461154,2201.0,1939.0,1928.0,233.0,0.0,11.0
1482695,87.66114180478822,1629.0,1428.0,1411.0,35.0,0.0,17.0
1482701,86.86440677966102,2360.0,2050.0,2021.0,87.0,0.0,29.0
1482702,90.02384737678855,2516.0,2265.0,2237.0,165.0,0.0,28.0
1482705,80.47030689517736,2509.0,2019.0,1992.0,453.0,0.0,27.0
1482708,82.6836840289755,2899.0,2397.0,2379.0,454.0,0.0,18.0
1482710,81.15048793014896,1947.0,1580.0,1548.0,339.0,5.0,15.0
1482719,86.4247311827957,2232.0,1929.0,1914.0,70.0,0.0,14.0
1482721,82.56294626080421,2661.0,2197.0,2164.0,343.0,0.0,32.0
1482724,88.7780548628429,2406.0,2136.0,2116.0,23.0,0.0,20.0
1482725,89.93788819875776,2415.0,2172.0,2149.0,100.0,0.0,22.0
1482729,91.2621359223301,103.0,94.0,94.0,211.0,0.0,0.0
1482732,90.5982905982906,1404.0,1272.0,1258.0,56.0,0.0,14.0
1482736,86.45492760392341,2141.0,1851.0,1822.0,77.0,0.0,29.0
1482737,81.52789005658853,2474.0,2017.0,2006.0,220.0,0.0,11.0
1482740,88.52459016393442,2074.0,1836.0,1812.0,56.0,0.0,24.0
1482741,82.04918032786885,1220.0,1001.0,983.0,106.0,2.0,16.0
1482743,86.42714570858283,2004.0,1732.0,1718.0,38.0,0.0,11.0
1482745,83.3502024291498,1976.0,1647.0,1637.0,46.0,0.0,10.0
1482753,85.96316575410651,2009.0,1727.0,1703.0,63.0,0.0,24.0
1482754,84.5414201183432,2704.0,2286.0,2259.0,32.0,0.0,27.0
1482755,85.60434585785424,2209.0,1891.0,1866.0,55.0,0.0,25.0
1482757,86.1716621253406,1468.0,1265.0,1257.0,64.0,0.0,7.0
1482762,88.3949461862424,2137.0,1889.0,1865.0,49.0,0.0,24.0
1482763,88.17451205510906,1742.0,1536.0,1519.0,37.0,0.0,17.0
1482766,87.54469606674613,1678.0,1469.0,1454.0,214.0,1.0,11.0
1482772,89.44281524926686,2387.0,2135.0,2110.0,97.0,0.0,25.0
1482775,84.90497076023392,2736.0,2323.0,2290.0,102.0,0.0,33.0
1482777,81.13863537592351,2301.0,1867.0,1853.0,280.0,2.0,14.0
1482778,85.92910848549946,931.0,800.0,787.0,114.0,1.0,11.0
1482780,86.73009514271406,1997.0,1732.0,1713.0,22.0,0.0,19.0
1482782,87.71483131763208,1571.0,1378.0,1366.0,74.0,0.0,9.0
1482785,87.3978494623656,2325.0,2032.0,2010.0,58.0,0.0,22.0
1482788,88.0,1350.0,1188.0,1173.0,37.0,0.0,15.0
1482790,86.59295093296475,1447.0,1253.0,1247.0,73.0,0.0,6.0
1482792,85.53754266211604,2344.0,2005.0,1984.0,11.0,1.0,20.0
1482793,87.15447154471545,1230.0,1072.0,1049.0,535.0,0.0,23.0
1482794,24.46633825944171,609.0,149.0,149.0,523.0,1.0,0.0
1482797,89.29936305732484,1570.0,1402.0,1383.0,170.0,2.0,17.0
1482805,79.98460354118552,2598.0,2078.0,2051.0,449.0,0.0,27.0
1482808,81.13636363636364,880.0,714.0,706.0,106.0,1.0,7.0
1482809,80.8085977482088,1954.0,1579.0,1576.0,289.0,0.0,3.0
1482817,86.22540250447227,2236.0,1928.0,1912.0,153.0,1.0,13.0
1482818,89.35978358881876,2218.0,1982.0,1959.0,183.0,1.0,22.0
1482819,83.9706450366937,2589.0,2174.0,2146.0,375.0,0.0,28.0
1482821,86.26548672566372,2825.0,2437.0,2410.0,289.0,0.0,27.0
1482824,84.35171385991057,2684.0,2264.0,2237.0,368.0,0.0,28.0
1482839,84.20382165605096,2355.0,1983.0,1969.0,99.0,0.0,14.0
1482840,83.29550612800726,2203.0,1835.0,1808.0,209.0,2.0,25.0
1482842,85.62378167641326,2052.0,1757.0,1736.0,219.0,1.0,20.0
1482846,85.6782334384858,1585.0,1358.0,1339.0,7.0,0.0,19.0
1482849,89.31807343824512,2097.0,1873.0,1850.0,14.0,0.0,23.0
1482857,84.93317132442284,2469.0,2097.0,2069.0,213.0,1.0,24.0
1482860,79.3061224489796,2450.0,1943.0,1930.0,306.0,0.0,9.0
1482864,80.90745732255165,2226.0,1801.0,1780.0,434.0,1.0,20.0
1482865,81.53333333333333,1500.0,1223.0,1209.0,132.0,3.0,12.0
1482869,85.14104092173223,2517.0,2143.0,2112.0,71.0,0.0,31.0
1482871,87.06766917293233,3325.0,2895.0,2857.0,123.0,0.0,36.0
1482872,89.40027894002789,1434.0,1282.0,1259.0,172.0,0.0,23.0
1482876,83.89999999999999,2000.0,1678.0,1660.0,138.0,2.0,16.0
1482886,80.62886019090398,1781.0,1436.0,1420.0,312.0,2.0,14.0
1482887,86.01973684210526,1824.0,1569.0,1555.0,90.0,1.0,13.0
1482893,76.53979238754324,1445.0,1106.0,1100.0,203.0,1.0,5.0
1482894,85.14636790748102,2767.0,2356.0,2334.0,280.0,0.0,22.0
1482895,85.53215077605321,1804.0,1543.0,1527.0,86.0,1.0,15.0
1482896,81.59845310989365,3103.0,2532.0,2504.0,134.0,0.0,27.0
1482897,79.28546891102714,2911.0,2308.0,2286.0,93.0,0.0,22.0
1482901,85.33194299617656,2877.0,2455.0,2430.0,216.0,0.0,25.0
1482904,83.86153096050707,2051.0,1720.0,1699.0,112.0,1.0,20.0
1482905,88.57816711590296,2968.0,2629.0,2601.0,58.0,1.0,27.0
1482906,85.6981981981982,2664.0,2283.0,2255.0,213.0,0.0,28.0
1482909,88.82294757665677,3033.0,2694.0,2657.0,198.0,0.0,37.0
1482910,89.55908289241623,2835.0,2539.0,2511.0,131.0,0.0,28.0
1482912,83.90742734122712,1858.0,1559.0,1532.0,238.0,1.0,25.0
1482913,79.40357852882704,2515.0,1997.0,1985.0,456.0,0.0,12.0
1482920,85.2768456375839,2384.0,2033.0,2008.0,135.0,1.0,24.0
1482925,83.17503392130257,2211.0,1839.0,1823.0,254.0,1.0,15.0
1482927,89.38814531548758,1046.0,935.0,932.0,109.0,0.0,3.0
1482929,87.49049429657795,2630.0,2301.0,2275.0,63.0,0.0,26.0
1482936,85.40977581771408,2721.0,2324.0,2295.0,346.0,0.0,27.0
1482948,100.0,56.0,56.0,56.0,158.0,0.0,0.0
1482955,100.0,1172.0,1172.0,1157.0,129.0,0.0,15.0
1482966,88.38461538461539,1300.0,1149.0,1143.0,222.0,0.0,5.0
1482972,78.04532577903683,1412.0,1102.0,1086.0,205.0,2.0,14.0
1482975,81.06312292358804,903.0,732.0,726.0,144.0,1.0,5.0
1482988,82.26221079691517,1556.0,1280.0,1246.0,185.0,2.0,27.0
1482991,73.90728476821192,1510.0,1116.0,1097.0,244.0,1.0,18.0
1483003,83.86454183266933,2008.0,1684.0,1663.0,199.0,3.0,17.0
1483004,86.38132295719845,2827.0,2442.0,2407.0,100.0,0.0,34.0
1483029,84.13943355119827,2295.0,1931.0,1912.0,159.0,2.0,15.0
1483044,87.7541798463624,2213.0,1942.0,1928.0,104.0,1.0,13.0
1483060,82.97040759352318,1791.0,1486.0,1467.0,206.0,2.0,17.0
1483082,90.56956115779646,1071.0,970.0,965.0,11.0,0.0,4.0
1483087,47.24220623501199,834.0,394.0,390.0,658.0,0.0,4.0
1483090,79.42439862542955,2328.0,1849.0,1824.0,132.0,1.0,24.0
1483106,80.23133543638275,1902.0,1526.0,1521.0,381.0,1.0,3.0
1483109,83.93384524512699,1693.0,1421.0,1396.0,96.0,4.0,21.0
1483116,71.09103544127866,1439.0,1023.0,1010.0,328.0,2.0,13.0
1483125,84.14779499404052,1678.0,1412.0,1393.0,73.0,1.0,18.0
1483135,88.31569664902999,2268.0,2003.0,1986.0,70.0,0.0,17.0
1483147,79.10817506193229,2422.0,1916.0,1889.0,254.0,1.0,24.0
1483152,77.41496598639456,2940.0,2276.0,2256.0,365.0,0.0,20.0
1483154,79.43816970750073,3453.0,2743.0,2710.0,193.0,0.0,33.0
1483157,87.36920777279522,1338.0,1169.0,1159.0,118.0,1.0,9.0
1483165,83.13725490196079,1785.0,1484.0,1473.0,216.0,2.0,9.0
1483166,81.94444444444444,2808.0,2301.0,2282.0,297.0,2.0,16.0
1483170,79.12871287128714,2525.0,1998.0,1968.0,450.0,0.0,30.0
1483171,82.90508652333509,1907.0,1581.0,1555.0,121.0,0.0,26.0
1483178,100.0,16.0,16.0,16.0,104.0,0.0,0.0
1483180,100.0,111.0,111.0,107.0,163.0,0.0,4.0
1483183,86.23157894736842,2375.0,2048.0,2009.0,305.0,0.0,39.0
1483215,89.04403866809882,1862.0,1658.0,1631.0,109.0,0.0,26.0
1483226,85.91897233201581,2024.0,1739.0,1709.0,142.0,0.0,30.0
1483232,88.38120104438643,1532.0,1354.0,1339.0,28.0,0.0,15.0
1483234,33.6322869955157,446.0,150.0,146.0,352.0,0.0,3.0
1483245,83.56374807987712,1953.0,1632.0,1609.0,310.0,5.0,16.0
1483246,82.82828282828282,2178.0,1804.0,1782.0,319.0,2.0,20.0
1483250,86.84843624699278,2494.0,2166.0,2145.0,84.0,0.0,21.0
1483253,85.6615709014233,1897.0,1625.0,1607.0,157.0,1.0,17.0
1483256,83.30223880597015,2144.0,1786.0,1770.0,114.0,1.0,16.0
1483257,88.0865224625624,3005.0,2647.0,2610.0,88.0,0.0,37.0
1483258,87.3317498020586,1263.0,1103.0,1092.0,118.0,1.0,10.0
1483263,85.77627772420443,2074.0,1779.0,1748.0,99.0,0.0,31.0
1483266,87.96664019062749,2518.0,2215.0,2184.0,10.0,3.0,28.0
1483267,89.04208998548621,1378.0,1227.0,1209.0,69.0,0.0,18.0
1483272,82.94701986754967,1208.0,1002.0,992.0,134.0,1.0,9.0
1483289,94.82158398607484,2298.0,2179.0,2149.0,37.0,0.0,28.0
1483291,87.5896304467733,1813.0,1588.0,1563.0,227.0,1.0,20.0
1483292,90.44117647058825,1904.0,1722.0,1712.0,95.0,0.0,10.0
1483297,87.5,1880.0,1645.0,1614.0,246.0,0.0,31.0
1483301,86.29139072847683,1510.0,1303.0,1283.0,160.0,1.0,19.0
1483306,93.11094996374185,1379.0,1284.0,1271.0,44.0,0.0,13.0
1483311,89.16666666666667,1680.0,1498.0,1482.0,322.0,1.0,14.0
1483314,91.97341513292432,1956.0,1799.0,1763.0,116.0,0.0,36.0
1483316,90.5982905982906,2106.0,1908.0,1882.0,225.0,1.0,24.0
1483317,89.33966335779024,2317.0,2070.0,2047.0,460.0,0.0,23.0
1483322,81.81506849315069,2920.0,2389.0,2366.0,76.0,0.0,21.0
1483325,90.69767441860463,1118.0,1014.0,999.0,35.0,0.0,15.0
1483328,90.48964218455744,1062.0,961.0,948.0,40.0,0.0,13.0
1483333,43.333333333333336,30.0,13.0,13.0,24.0,0.0,0.0
1483341,86.01503759398497,1995.0,1716.0,1695.0,194.0,1.0,21.0
1483343,84.18952618453865,2005.0,1688.0,1667.0,166.0,1.0,20.0
1483347,86.08964451313756,2588.0,2228.0,2204.0,133.0,3.0,21.0
1483348,88.25995807127882,2385.0,2105.0,2084.0,201.0,2.0,16.0
1483350,87.29674796747967,984.0,859.0,851.0,68.0,1.0,6.0
1483355,87.30822873082286,717.0,626.0,616.0,93.0,1.0,9.0
1483356,87.66404199475065,1905.0,1670.0,1651.0,198.0,1.0,18.0
1483366,87.25817211474316,1499.0,1308.0,1299.0,186.0,1.0,8.0
1483367,87.63913298183948,1707.0,1496.0,1476.0,39.0,1.0,19.0
1483369,80.80631025416302,1141.0,922.0,911.0,277.0,2.0,11.0
1483386,86.10963278339541,1879.0,1618.0,1590.0,137.0,1.0,27.0
1483392,66.66666666666666,39.0,26.0,26.0,15.0,0.0,0.0
1483394,90.0852052672347,1291.0,1163.0,1154.0,79.0,0.0,8.0
1483399,89.96095928611267,1793.0,1613.0,1600.0,72.0,0.0,13.0
1483401,90.1012891344383,2172.0,1957.0,1941.0,14.0,0.0,16.0
1483403,89.67877830437072,1899.0,1703.0,1692.0,107.0,0.0,11.0
1483404,89.07863383637807,2518.0,2243.0,2227.0,36.0,0.0,16.0
1483405,90.82156611039794,1558.0,1415.0,1399.0,57.0,0.0,16.0
1483406,90.66323245331616,1553.0,1408.0,1401.0,73.0,0.0,6.0
1483409,90.49553208773357,1231.0,1114.0,1108.0,88.0,2.0,4.0
1483410,89.99129677980852,1149.0,1034.0,1026.0,54.0,0.0,8.0
1483411,89.92805755395683,2363.0,2125.0,2108.0,55.0,0.0,17.0
1483412,90.36082474226804,1940.0,1753.0,1738.0,151.0,1.0,13.0
1483418,83.5990888382688,1756.0,1468.0,1444.0,123.0,0.0,24.0
1483420,86.18468146027202,1397.0,1204.0,1182.0,106.0,0.0,22.0
1483421,100.0,1337.0,1337.0,1320.0,91.0,0.0,17.0
1483422,86.20060790273556,1645.0,1418.0,1396.0,86.0,0.0,22.0
1483424,85.43508608655188,2149.0,1836.0,1823.0,17.0,0.0,13.0
1483426,84.69251336898395,1496.0,1267.0,1247.0,77.0,0.0,20.0
1483427,87.51018191691556,3683.0,3223.0,3180.0,161.0,1.0,42.0
1483429,82.45315161839864,1174.0,968.0,954.0,163.0,1.0,13.0
1483439,77.2560528246515,1363.0,1053.0,1035.0,261.0,8.0,10.0
1483440,87.77903897086644,2643.0,2320.0,2283.0,82.0,0.0,35.0
1483444,80.85480093676814,1708.0,1381.0,1375.0,130.0,0.0,6.0
1483449,84.67680608365019,2630.0,2227.0,2194.0,197.0,0.0,31.0
1483456,83.86855862584018,2678.0,2246.0,2221.0,294.0,1.0,23.0
1483459,67.74658027357812,2778.0,1882.0,1860.0,65.0,0.0,22.0
1483460,87.57078986587183,3355.0,2938.0,2906.0,136.0,0.0,32.0
1483463,92.08711433756804,2755.0,2537.0,2503.0,149.0,0.0,34.0
1483464,81.70681910984075,2449.0,2001.0,1978.0,265.0,1.0,21.0
1483474,86.02386934673368,3184.0,2739.0,2704.0,94.0,0.0,35.0
1483475,79.16241062308478,2937.0,2325.0,2304.0,385.0,0.0,21.0
1483496,88.45478489903425,2278.0,2015.0,1997.0,81.0,0.0,18.0
1483498,89.27089508002372,1687.0,1506.0,1486.0,55.0,1.0,19.0
1483508,87.64623303696771,2137.0,1873.0,1850.0,266.0,2.0,18.0
1483511,81.02114492006189,1939.0,1571.0,1550.0,267.0,2.0,18.0
1483516,82.38636363636364,2640.0,2175.0,2146.0,268.0,0.0,29.0
1483518,88.558256496228,2386.0,2113.0,2095.0,133.0,1.0,16.0
1483519,90.0986031224322,2434.0,2193.0,2167.0,111.0,0.0,26.0
1483520,92.04599904168664,2087.0,1921.0,1895.0,106.0,2.0,23.0
1483521,93.8288920056101,2139.0,2007.0,1992.0,39.0,0.0,15.0
1483526,81.38981437410757,2101.0,1710.0,1684.0,206.0,1.0,23.0
1483527,82.72017837235228,897.0,742.0,737.0,96.0,1.0,4.0
1484066,23.66412213740458,131.0,31.0,31.0,197.0,0.0,0.0
1484067,25.0,24.0,6.0,6.0,22.0,0.0,0.0
1484096,60.35889070146819,613.0,370.0,363.0,223.0,1.0,6.0
1484166,69.64285714285714,56.0,39.0,33.0,17.0,0.0,6.0
1484168,47.52475247524752,404.0,192.0,180.0,212.0,0.0,12.0
1484256,48.86845827439887,1414.0,691.0,681.0,689.0,0.0,10.0
1484260,44.56790123456791,810.0,361.0,353.0,452.0,0.0,8.0
1484279,50.13262599469496,1131.0,567.0,557.0,538.0,0.0,10.0
1484303,71.38810198300283,1059.0,756.0,749.0,340.0,2.0,5.0
1484304,73.87661843107388,1313.0,970.0,966.0,405.0,1.0,3.0
1484308,63.86083052749719,1782.0,1138.0,1135.0,684.0,0.0,3.0
1484316,50.85865257595773,1514.0,770.0,762.0,733.0,0.0,8.0
1484327,44.680851063829785,846.0,378.0,376.0,465.0,0.0,2.0
1484333,34.10138248847927,651.0,222.0,219.0,411.0,0.0,3.0
1484369,49.45130315500686,1458.0,721.0,714.0,729.0,0.0,7.0
1484384,47.046263345195726,1405.0,661.0,652.0,761.0,0.0,9.0
1484400,51.86539868324799,1367.0,709.0,704.0,679.0,0.0,5.0
1484452,13.043478260869565,69.0,9.0,9.0,122.0,0.0,0.0
1484481,54.2719614921781,1662.0,902.0,899.0,754.0,0.0,3.0
1484485,55.72687224669603,1362.0,759.0,757.0,622.0,0.0,2.0
1484499,100.0,31.0,31.0,30.0,59.0,0.0,1.0
1484501,18.461538461538463,65.0,12.0,12.0,68.0,0.0,0.0
1484513,56.77749360613811,391.0,222.0,220.0,189.0,1.0,1.0
1484524,100.0,104.0,104.0,104.0,69.0,0.0,0.0
1484548,61.231361231361234,2079.0,1273.0,1262.0,801.0,0.0,11.0
1484623,51.9607843137255,1224.0,636.0,635.0,590.0,0.0,1.0
1484624,47.975352112676056,1136.0,545.0,542.0,573.0,0.0,3.0
1484640,100.0,33.0,33.0,30.0,2.0,0.0,3.0
1484679,6.521739130434782,46.0,3.0,3.0,49.0,0.0,0.0
1484680,49.65304548959136,1297.0,644.0,634.0,645.0,0.0,8.0
1484682,47.34774066797642,1018.0,482.0,478.0,521.0,0.0,4.0
1484685,70.4225352112676,1491.0,1050.0,1030.0,446.0,0.0,22.0
1484695,46.50698602794412,1002.0,466.0,458.0,505.0,0.0,8.0
1484709,48.47058823529412,2125.0,1030.0,1021.0,1036.0,0.0,9.0
1484715,59.70548862115127,2241.0,1338.0,1323.0,832.0,0.0,15.0
1484718,55.03489531405783,1003.0,552.0,536.0,422.0,0.0,16.0
1484723,47.36537348002316,1727.0,818.0,811.0,864.0,0.0,7.0
1484727,55.3680981595092,1304.0,722.0,707.0,538.0,0.0,15.0
1484736,46.91745036572623,957.0,449.0,448.0,488.0,0.0,1.0
1484760,37.27454909819639,499.0,186.0,184.0,315.0,0.0,2.0
1484761,44.60431654676259,973.0,434.0,430.0,503.0,0.0,4.0
1484763,46.71968190854871,1509.0,705.0,697.0,772.0,0.0,8.0
1484814,42.79835390946502,729.0,312.0,304.0,405.0,0.0,8.0
1484826,100.0,22.0,22.0,21.0,3.0,0.0,1.0
1484845,71.23287671232876,73.0,52.0,52.0,3.0,0.0,0.0
1484865,12.698412698412698,63.0,8.0,8.0,54.0,0.0,0.0
1484901,27.27272727272727,22.0,6.0,6.0,24.0,0.0,0.0
1484912,50.36144578313253,1660.0,836.0,831.0,799.0,0.0,5.0
1484919,100.0,25.0,25.0,24.0,7.0,0.0,1.0
1484931,51.7162471395881,874.0,452.0,441.0,405.0,0.0,11.0
1484961,47.4390243902439,820.0,389.0,381.0,416.0,0.0,8.0
1484966,15.254237288135592,59.0,9.0,9.0,159.0,0.0,0.0
1484980,58.48958333333333,1920.0,1123.0,1115.0,799.0,0.0,8.0
1484981,52.53405994550408,1835.0,964.0,955.0,826.0,0.0,10.0
1485012,80.30480656506448,853.0,685.0,681.0,194.0,2.0,3.0
1485034,77.66871165644172,2445.0,1899.0,1893.0,573.0,0.0,6.0
1485055,100.0,6.0,6.0,6.0,76.0,0.0,0.0
1485059,100.0,25.0,25.0,25.0,40.0,0.0,0.0
1485062,97.87234042553192,47.0,46.0,46.0,67.0,0.0,0.0
1485065,21.153846153846157,52.0,11.0,10.0,64.0,0.0,1.0
1485106,67.92803970223325,1612.0,1095.0,1088.0,581.0,1.0,6.0
1485111,60.21241830065359,1224.0,737.0,737.0,502.0,0.0,0.0
1485177,78.08015833745671,2021.0,1578.0,1573.0,539.0,0.0,5.0
1485301,69.15011037527594,1812.0,1253.0,1247.0,561.0,1.0,5.0
1485337,98.46153846153848,65.0,64.0,56.0,1.0,0.0,8.0
1485438,70.92013888888889,1152.0,817.0,816.0,333.0,0.0,0.0
1485561,63.36961665877898,2113.0,1339.0,1321.0,831.0,0.0,18.0
1485623,82.94573643410853,2193.0,1819.0,1812.0,189.0,0.0,7.0
1485647,43.47826086956522,23.0,10.0,10.0,13.0,0.0,0.0
1485687,100.0,32.0,32.0,32.0,105.0,0.0,0.0
1485720,63.862928348909655,1284.0,820.0,802.0,459.0,0.0,18.0
1485798,100.0,17.0,17.0,17.0,4.0,0.0,0.0
1485843,22.566371681415927,226.0,51.0,51.0,169.0,0.0,0.0
1485886,24.074074074074076,54.0,13.0,13.0,57.0,0.0,0.0
1486046,41.17647058823529,17.0,7.0,6.0,12.0,0.0,1.0
1486079,55.76070901033974,1354.0,755.0,753.0,624.0,0.0,2.0
1486098,56.48414985590778,347.0,196.0,195.0,162.0,1.0,0.0
1486198,72.6271186440678,1180.0,857.0,851.0,373.0,6.0,0.0
1486201,69.90131578947368,608.0,425.0,423.0,225.0,2.0,0.0
1486344,79.74683544303798,79.0,63.0,53.0,18.0,0.0,10.0
1486410,100.0,53.0,53.0,53.0,149.0,0.0,0.0
1486411,100.0,24.0,24.0,24.0,25.0,0.0,0.0
1486460,73.51614022908713,2881.0,2118.0,2096.0,688.0,0.0,22.0
1486463,78.94736842105263,608.0,480.0,467.0,87.0,0.0,13.0
1486508,55.00000000000001,240.0,132.0,117.0,108.0,0.0,15.0
1486540,54.16666666666666,24.0,13.0,12.0,13.0,0.0,1.0
1486545,65.26114039290847,2087.0,1362.0,1349.0,789.0,2.0,9.0
1486598,74.07407407407408,27.0,20.0,20.0,14.0,0.0,0.0
1486697,61.41498216409037,1682.0,1033.0,1026.0,655.0,2.0,5.0
1486758,70.24291497975709,1976.0,1388.0,1373.0,233.0,1.0,14.0
1486763,68.73406966864911,1177.0,809.0,809.0,363.0,0.0,0.0
1486800,86.48648648648648,1480.0,1280.0,1272.0,280.0,1.0,7.0
1486804,70.16597510373444,2410.0,1691.0,1683.0,761.0,0.0,8.0
1486805,64.84730344379467,1539.0,998.0,988.0,563.0,1.0,9.0
1486839,71.79930795847751,1734.0,1245.0,1238.0,534.0,1.0,6.0
1486845,72.87410926365796,2105.0,1534.0,1528.0,619.0,0.0,5.0
1486851,67.33333333333333,1800.0,1212.0,1208.0,676.0,1.0,3.0
1486854,58.808777429467085,1595.0,938.0,929.0,707.0,1.0,8.0
1486863,48.20143884892087,139.0,67.0,59.0,79.0,0.0,8.0
1486865,52.22222222222223,90.0,47.0,41.0,44.0,0.0,6.0
1486866,88.46153846153845,26.0,23.0,17.0,9.0,0.0,6.0
1486868,100.0,207.0,207.0,205.0,56.0,0.0,2.0
1486870,50.60240963855421,166.0,84.0,76.0,78.0,0.0,8.0
1486885,79.91725015913431,3142.0,2511.0,2476.0,91.0,0.0,35.0
1486886,77.8393351800554,2888.0,2248.0,2210.0,562.0,0.0,38.0
1486916,79.80399019950998,2857.0,2280.0,2267.0,419.0,0.0,13.0
1486920,78.29512893982809,2792.0,2186.0,2162.0,302.0,1.0,23.0
1486921,81.33514986376021,2936.0,2388.0,2353.0,322.0,0.0,34.0
1486923,81.14558472553699,1676.0,1360.0,1344.0,533.0,1.0,16.0
1486943,78.852798894264,1447.0,1141.0,1124.0,244.0,2.0,15.0
1486962,84.32586946164841,2099.0,1770.0,1749.0,35.0,0.0,21.0
1486966,62.29508196721312,61.0,38.0,38.0,8.0,0.0,0.0
1486969,20.49180327868853,122.0,25.0,25.0,64.0,0.0,0.0
1486971,24.390243902439025,41.0,10.0,10.0,31.0,0.0,0.0
1487015,62.48263084761464,2159.0,1349.0,1339.0,815.0,0.0,9.0
1487016,62.82234957020057,1396.0,877.0,870.0,515.0,1.0,6.0
1487039,57.65178123432012,1993.0,1149.0,1144.0,823.0,0.0,5.0
1487041,49.01960784313725,816.0,400.0,400.0,419.0,0.0,0.0
1487051,71.42857142857143,553.0,395.0,393.0,150.0,1.0,1.0
1487075,44.68704512372635,687.0,307.0,300.0,529.0,0.0,7.0
1487148,75.9453781512605,952.0,723.0,714.0,240.0,3.0,6.0
1487158,100.0,171.0,171.0,170.0,31.0,0.0,1.0
1487187,83.13917841814838,1631.0,1356.0,1351.0,145.0,0.0,5.0
1487268,61.64383561643836,949.0,585.0,579.0,397.0,1.0,5.0
1487313,59.89389920424403,1885.0,1129.0,1120.0,1139.0,0.0,9.0
1487322,64.44662095984329,2042.0,1316.0,1297.0,738.0,0.0,19.0
1487324,11.627906976744184,43.0,5.0,4.0,42.0,0.0,1.0
1487325,83.10185185185185,432.0,359.0,348.0,244.0,0.0,11.0
1487326,68.70830806549424,1649.0,1133.0,1112.0,681.0,0.0,21.0
1487330,53.96825396825397,693.0,374.0,371.0,565.0,0.0,3.0
1487335,64.9025069637883,1077.0,699.0,690.0,706.0,0.0,9.0
1487351,56.44599303135889,1435.0,810.0,808.0,603.0,0.0,2.0
1487356,64.50511945392492,879.0,567.0,564.0,230.0,1.0,2.0
1487359,52.63908701854494,701.0,369.0,362.0,595.0,0.0,7.0
1487499,62.0253164556962,632.0,392.0,389.0,259.0,1.0,2.0
1487515,60.0,30.0,18.0,18.0,32.0,0.0,0.0
1487525,46.52665589660743,1238.0,576.0,569.0,665.0,0.0,7.0
1487529,56.93950177935944,1405.0,800.0,785.0,615.0,0.0,15.0
1487534,67.25609756097562,1640.0,1103.0,1089.0,579.0,1.0,13.0
1487587,31.03448275862069,29.0,9.0,9.0,24.0,0.0,0.0
1487600,18.0,50.0,9.0,9.0,54.0,0.0,0.0
1487632,65.0874635568513,1372.0,893.0,893.0,494.0,0.0,0.0
1487646,100.0,52.0,52.0,51.0,137.0,0.0,1.0
1487699,60.86235489220564,603.0,367.0,362.0,221.0,1.0,4.0
1487752,12.727272727272728,110.0,14.0,14.0,132.0,0.0,0.0
1487753,94.87179487179486,39.0,37.0,37.0,5.0,0.0,0.0
1487781,56.57237936772047,1202.0,680.0,673.0,1021.0,0.0,6.0
1487799,75.30120481927712,332.0,250.0,249.0,77.0,1.0,0.0
1487819,76.72872340425532,752.0,577.0,560.0,317.0,0.0,17.0
1487826,73.25153374233129,815.0,597.0,590.0,4.0,0.0,7.0
1487845,71.24289195775792,1231.0,877.0,857.0,360.0,0.0,20.0
1487866,78.70370370370371,1080.0,850.0,835.0,117.0,1.0,14.0
1487914,75.79273008507347,1293.0,980.0,973.0,275.0,4.0,3.0
1487938,71.65437302423604,949.0,680.0,676.0,260.0,3.0,3.0
1487982,76.5210608424337,1282.0,981.0,964.0,262.0,1.0,17.0
1487999,100.0,18.0,18.0,18.0,70.0,0.0,0.0
1488001,88.69565217391305,115.0,102.0,99.0,146.0,1.0,2.0
1488002,100.0,91.0,91.0,90.0,202.0,0.0,1.0
1488007,100.0,66.0,66.0,66.0,148.0,0.0,0.0
1488011,93.33333333333331,15.0,14.0,14.0,11.0,0.0,0.0
1488043,100.0,119.0,119.0,118.0,290.0,0.0,1.0
1488050,63.47173144876325,2264.0,1437.0,1423.0,786.0,0.0,14.0
1488062,70.42925278219397,1887.0,1329.0,1313.0,611.0,1.0,15.0
1488066,52.5974025974026,154.0,81.0,74.0,63.0,0.0,7.0
1488069,66.6073546856465,1686.0,1123.0,1120.0,636.0,0.0,2.0
1488078,74.04580152671755,524.0,388.0,385.0,516.0,0.0,3.0
1488080,67.82608695652173,115.0,78.0,78.0,350.0,0.0,0.0
1488122,100.0,53.0,53.0,47.0,26.0,0.0,6.0
1488170,77.90339157245631,973.0,758.0,750.0,153.0,2.0,6.0
1488187,100.0,18.0,18.0,18.0,10.0,0.0,0.0
1488217,63.47826086956522,115.0,73.0,70.0,316.0,0.0,3.0
1488262,62.95454545454545,2200.0,1385.0,1377.0,890.0,0.0,8.0
1488279,52.17391304347826,23.0,12.0,12.0,27.0,0.0,0.0
1488304,96.55172413793105,29.0,28.0,28.0,16.0,0.0,0.0
1488397,78.33787465940054,2202.0,1725.0,1707.0,325.0,2.0,16.0
1488432,59.59723096286973,1589.0,947.0,931.0,638.0,0.0,16.0
1488444,70.05649717514125,2124.0,1488.0,1465.0,521.0,0.0,23.0
1488493,72.35668789808916,2355.0,1704.0,1676.0,558.0,1.0,26.0
1488528,82.50643145902242,2721.0,2245.0,2217.0,129.0,0.0,28.0
1488532,76.77824267782427,1912.0,1468.0,1442.0,311.0,1.0,22.0
1488547,79.63608207510646,2583.0,2057.0,2035.0,283.0,2.0,20.0
1488575,72.4310776942356,1197.0,867.0,857.0,334.0,2.0,8.0
1488609,74.46393762183236,513.0,382.0,377.0,113.0,1.0,4.0
1488628,54.22661870503597,1112.0,603.0,601.0,507.0,0.0,1.0
1488632,21.666666666666668,60.0,13.0,13.0,67.0,0.0,0.0
1488674,5.88235294117647,51.0,3.0,3.0,50.0,0.0,0.0
1488684,67.0926517571885,939.0,630.0,618.0,337.0,1.0,11.0
1488699,69.67441860465117,2150.0,1498.0,1492.0,624.0,0.0,6.0
1488711,86.3066538090646,2074.0,1790.0,1781.0,175.0,0.0,9.0
1488792,88.52507374631269,3390.0,3001.0,2971.0,2067.0,3.0,25.0
1488810,12.5,64.0,8.0,8.0,56.0,0.0,0.0
1488818,75.90194264569843,2162.0,1641.0,1636.0,260.0,0.0,5.0
1488823,76.15176151761518,1845.0,1405.0,1397.0,107.0,0.0,8.0
1488834,84.80848861283644,3864.0,3277.0,3242.0,354.0,0.0,32.0
1488836,90.04524886877829,1105.0,995.0,992.0,73.0,0.0,2.0
1488843,10.526315789473683,38.0,4.0,4.0,46.0,0.0,0.0
1488848,75.95494613124389,2042.0,1551.0,1543.0,185.0,0.0,6.0
1488849,90.99756690997567,822.0,748.0,736.0,569.0,0.0,11.0
1488855,86.30705394190872,1446.0,1248.0,1240.0,524.0,0.0,8.0
1488856,80.22777602024675,3161.0,2536.0,2504.0,354.0,0.0,31.0
1488858,81.31455399061032,1065.0,866.0,848.0,127.0,0.0,18.0
1488859,83.90045708481463,1969.0,1652.0,1645.0,171.0,1.0,6.0
1488861,85.14003294892916,3035.0,2584.0,2549.0,111.0,0.0,36.0
1488883,24.074074074074076,54.0,13.0,13.0,61.0,0.0,0.0
1488885,69.85331310065757,1977.0,1381.0,1358.0,558.0,0.0,23.0
1488908,100.0,1017.0,1017.0,1007.0,244.0,0.0,10.0
1488931,55.6657223796034,706.0,393.0,388.0,317.0,1.0,4.0
1489034,100.0,1722.0,1722.0,1714.0,434.0,0.0,8.0
1489059,61.86666666666667,1875.0,1160.0,1157.0,694.0,0.0,3.0
1489062,100.0,70.0,70.0,67.0,191.0,0.0,3.0
1489063,45.48802946593002,543.0,247.0,236.0,486.0,0.0,11.0
1489073,68.18700114025086,1754.0,1196.0,1191.0,455.0,1.0,4.0
1489074,66.74191121143717,1329.0,887.0,877.0,370.0,2.0,8.0
1489155,66.26187961985217,1894.0,1255.0,1245.0,646.0,1.0,9.0
1489188,52.82258064516129,496.0,262.0,259.0,228.0,2.0,1.0
1489198,12.195121951219512,41.0,5.0,5.0,43.0,0.0,0.0
1489250,78.09358752166378,2885.0,2253.0,2223.0,246.0,0.0,29.0
1489252,75.6788665879575,2541.0,1923.0,1897.0,489.0,1.0,25.0
1489253,75.19569471624267,2044.0,1537.0,1514.0,466.0,1.0,22.0
1489254,74.26556991774383,2553.0,1896.0,1867.0,484.0,0.0,26.0
1489281,73.18897637795276,2540.0,1859.0,1841.0,621.0,0.0,18.0
1489340,68.10598626104023,1019.0,694.0,681.0,292.0,2.0,11.0
1489352,74.898934215362,2721.0,2038.0,2007.0,485.0,0.0,30.0
1489373,74.12244897959184,2450.0,1816.0,1801.0,433.0,1.0,14.0
1489379,57.15178013741412,1601.0,915.0,907.0,734.0,2.0,5.0
1489380,62.95025728987993,1166.0,734.0,724.0,462.0,1.0,9.0
1489403,49.14089347079037,873.0,429.0,415.0,431.0,0.0,14.0
1489413,65.73426573426573,1573.0,1034.0,1015.0,552.0,0.0,19.0
1489425,77.10986082321587,3377.0,2604.0,2583.0,163.0,0.0,21.0
1489430,65.06122448979592,2450.0,1594.0,1577.0,769.0,0.0,17.0
1489431,81.94721115537848,4016.0,3291.0,3252.0,276.0,0.0,38.0
1489440,81.65137614678899,1417.0,1157.0,1151.0,48.0,0.0,6.0
1489444,71.08366086468277,1781.0,1266.0,1255.0,348.0,3.0,9.0
1489445,71.76470588235294,1870.0,1342.0,1321.0,407.0,1.0,21.0
1489449,68.5735792246895,2657.0,1822.0,1806.0,779.0,0.0,16.0
1489457,78.53810264385692,2572.0,2020.0,1992.0,177.0,0.0,28.0
1489458,69.22238372093024,2752.0,1905.0,1892.0,530.0,0.0,13.0
1489460,77.63727121464227,3005.0,2333.0,2307.0,322.0,2.0,24.0
1489465,82.50814332247558,3070.0,2533.0,2503.0,479.0,0.0,30.0
1489467,72.77323998444186,2571.0,1871.0,1851.0,650.0,0.0,19.0
1489470,84.18905134308059,2941.0,2476.0,2458.0,145.0,0.0,18.0
1489473,84.16468725257323,2526.0,2126.0,2101.0,68.0,0.0,25.0
1489474,78.42395044735031,2906.0,2279.0,2243.0,291.0,0.0,36.0
1489475,81.79347826086956,3312.0,2709.0,2672.0,519.0,0.0,37.0
1489480,86.05825242718447,2575.0,2216.0,2181.0,89.0,0.0,35.0
1489481,86.0348162475822,2585.0,2224.0,2199.0,109.0,1.0,24.0
1489483,76.13365155131265,2933.0,2233.0,2201.0,501.0,0.0,31.0
1489486,83.66149979053205,2387.0,1997.0,1974.0,357.0,1.0,23.0
1489491,86.91215616681454,2254.0,1959.0,1932.0,91.0,1.0,26.0
1489492,88.07776962582538,2726.0,2401.0,2364.0,99.0,0.0,34.0
1489493,84.43132380360471,3218.0,2717.0,2676.0,130.0,1.0,40.0
1489495,84.59650199447684,3259.0,2757.0,2729.0,308.0,0.0,28.0
1489497,81.38417173982698,3121.0,2540.0,2510.0,307.0,2.0,26.0
1489498,84.65636654235482,1877.0,1589.0,1575.0,239.0,3.0,11.0
1489501,79.12829957028852,1629.0,1289.0,1282.0,628.0,0.0,7.0
1489502,78.91696750902527,2770.0,2186.0,2171.0,293.0,0.0,13.0
1489505,80.66128412149173,2601.0,2098.0,2087.0,272.0,0.0,12.0
1489507,77.53450737743931,2101.0,1629.0,1588.0,358.0,25.0,16.0
1489509,83.4295415959253,2945.0,2457.0,2439.0,177.0,0.0,18.0
1489510,83.91342497806377,3419.0,2869.0,2826.0,220.0,0.0,43.0
1489512,83.70702541106128,2676.0,2240.0,2212.0,338.0,2.0,26.0
1489515,82.64462809917356,2299.0,1900.0,1872.0,221.0,1.0,26.0
1489546,80.48257372654155,1865.0,1501.0,1465.0,236.0,2.0,33.0
1489549,81.13654301499605,2534.0,2056.0,2033.0,216.0,1.0,21.0
1489565,74.65034965034964,1716.0,1281.0,1273.0,246.0,2.0,8.0
1489573,77.91864764923402,1893.0,1475.0,1461.0,261.0,2.0,12.0
1489575,83.46372688477952,2812.0,2347.0,2324.0,36.0,0.0,22.0
1489579,82.9872495446266,2745.0,2278.0,2260.0,188.0,0.0,18.0
1489581,85.69288389513109,2670.0,2288.0,2256.0,122.0,0.0,32.0
1489582,89.26307448494454,2524.0,2253.0,2241.0,213.0,1.0,11.0
1489583,76.6891891891892,2960.0,2270.0,2238.0,468.0,0.0,32.0
1489584,78.3675799086758,1752.0,1373.0,1367.0,311.0,0.0,3.0
1489586,76.145958986731,3316.0,2525.0,2497.0,200.0,0.0,22.0
1489593,75.24134014764338,1761.0,1325.0,1304.0,230.0,0.0,24.0
1489599,77.96610169491525,649.0,506.0,496.0,210.0,1.0,8.0
1489600,81.75008512087165,2937.0,2401.0,2371.0,326.0,0.0,28.0
1489601,84.9003984063745,2510.0,2131.0,2099.0,550.0,1.0,33.0
1489603,85.36299765807962,2562.0,2187.0,2171.0,258.0,0.0,15.0
1489604,85.37195994277539,2796.0,2387.0,2362.0,258.0,0.0,25.0
1489605,85.70381231671554,2728.0,2338.0,2320.0,219.0,0.0,17.0
1489610,84.43337484433376,803.0,678.0,662.0,178.0,0.0,16.0
1489612,51.42857142857142,35.0,18.0,18.0,13.0,0.0,0.0
1489614,44.09448818897638,1016.0,448.0,443.0,338.0,0.0,5.0
1489656,77.79970399605328,2027.0,1577.0,1564.0,206.0,1.0,9.0
1489673,83.69445464561146,2723.0,2279.0,2255.0,260.0,2.0,22.0
1489674,85.91749644381224,2812.0,2416.0,2390.0,282.0,2.0,23.0
1489682,84.88111260655002,2229.0,1892.0,1869.0,216.0,1.0,22.0
1489690,84.88700564971752,2832.0,2404.0,2383.0,370.0,2.0,19.0
1489691,81.43669985775249,2812.0,2290.0,2269.0,342.0,0.0,18.0
1489696,83.98710370768404,1861.0,1563.0,1553.0,65.0,0.0,10.0
1489719,66.17511520737327,1085.0,718.0,715.0,139.0,1.0,3.0
1489722,82.22646918299093,2093.0,1721.0,1716.0,309.0,0.0,5.0
1489770,58.92086330935252,1390.0,819.0,807.0,579.0,1.0,11.0
1489789,37.11340206185567,485.0,180.0,176.0,338.0,0.0,4.0
1489794,85.44776119402985,1072.0,916.0,904.0,139.0,1.0,11.0
1489797,82.23394898856641,1137.0,935.0,921.0,188.0,1.0,13.0
1489801,81.22605363984674,2349.0,1908.0,1888.0,185.0,1.0,19.0
1489814,100.0,24.0,24.0,24.0,22.0,0.0,0.0
1489815,97.14285714285714,35.0,34.0,34.0,34.0,0.0,0.0
1489816,100.0,164.0,164.0,163.0,51.0,0.0,1.0
1489836,68.12386156648452,2196.0,1496.0,1469.0,705.0,0.0,27.0
1489844,69.45400885391048,2033.0,1412.0,1385.0,605.0,0.0,26.0
1489888,67.38949124270225,1199.0,808.0,790.0,371.0,0.0,18.0
1489904,69.66679433167369,2611.0,1819.0,1802.0,669.0,1.0,16.0
1489905,74.3819042609153,1901.0,1414.0,1406.0,469.0,1.0,7.0
1489912,48.0,25.0,12.0,12.0,30.0,0.0,0.0
1489919,79.84344422700586,1533.0,1224.0,1217.0,11.0,0.0,7.0
1489956,100.0,23.0,23.0,23.0,7.0,0.0,0.0
1489994,78.2925782925783,2331.0,1825.0,1805.0,450.0,3.0,17.0
1490008,73.642081189251,1749.0,1288.0,1261.0,424.0,0.0,27.0
1490010,100.0,83.0,83.0,80.0,106.0,0.0,3.0
1490032,36.36363636363637,385.0,140.0,140.0,305.0,0.0,0.0
1490036,98.38709677419357,62.0,61.0,61.0,39.0,0.0,0.0
1490047,100.0,1117.0,1117.0,1109.0,379.0,0.0,8.0
1490048,100.0,159.0,159.0,159.0,31.0,0.0,0.0
1490052,71.91521574564723,1321.0,950.0,947.0,161.0,0.0,3.0
1490054,71.49200710479575,1126.0,805.0,786.0,248.0,0.0,18.0
1490055,64.65968586387434,1910.0,1235.0,1219.0,592.0,1.0,14.0
1490056,57.995578481945465,1357.0,787.0,771.0,495.0,0.0,16.0
1490066,100.0,801.0,801.0,797.0,220.0,0.0,4.0
1490099,75.0994431185362,1257.0,944.0,943.0,263.0,0.0,1.0
1490105,70.10090281465746,1883.0,1320.0,1298.0,552.0,0.0,22.0
1490122,74.28571428571429,35.0,26.0,26.0,13.0,0.0,0.0
1490185,66.17579383341004,2173.0,1438.0,1425.0,806.0,0.0,13.0
1490302,68.13040585495675,1503.0,1024.0,1007.0,459.0,5.0,12.0
1490324,69.26389976507438,2554.0,1769.0,1755.0,709.0,0.0,14.0
1490327,73.861646234676,2284.0,1687.0,1662.0,545.0,0.0,25.0
1490406,74.74747474747475,990.0,740.0,722.0,236.0,0.0,18.0
1490427,69.15422885572139,402.0,278.0,267.0,105.0,0.0,11.0
1490428,98.55072463768116,69.0,68.0,67.0,33.0,0.0,1.0
1490442,65.94860166288737,2646.0,1745.0,1732.0,848.0,0.0,13.0
1490455,71.54297917778965,1873.0,1340.0,1315.0,515.0,0.0,25.0
1490456,71.45200984413454,1219.0,871.0,851.0,337.0,0.0,20.0
1490459,47.87878787878788,165.0,79.0,66.0,84.0,0.0,13.0
1490462,31.782945736434108,387.0,123.0,122.0,379.0,0.0,1.0
1490518,75.69011576135351,1123.0,850.0,830.0,316.0,10.0,10.0
1490574,75.77319587628865,1552.0,1176.0,1153.0,320.0,0.0,23.0
1490605,20.3125,128.0,26.0,25.0,128.0,0.0,1.0
1490643,67.81002638522428,379.0,257.0,254.0,128.0,1.0,2.0
1490652,77.23035952063914,1502.0,1160.0,1140.0,306.0,2.0,16.0
1490726,76.2865090403338,1438.0,1097.0,1074.0,298.0,0.0,23.0
1490730,56.21805792163544,1174.0,660.0,646.0,491.0,0.0,14.0
1490733,59.53586497890295,2370.0,1411.0,1405.0,935.0,0.0,6.0
1490742,63.87856257744734,1614.0,1031.0,1013.0,707.0,0.0,18.0
1490746,58.009331259720064,1929.0,1119.0,1101.0,801.0,0.0,18.0
1490748,68.48520023215322,1723.0,1180.0,1170.0,573.0,1.0,9.0
1490768,48.41695080370189,2053.0,994.0,987.0,1012.0,0.0,7.0
1490782,58.16280127330605,2199.0,1279.0,1265.0,814.0,0.0,14.0
1490797,59.36739659367397,2055.0,1220.0,1199.0,770.0,6.0,15.0
1490799,47.7792732166891,743.0,355.0,355.0,377.0,0.0,0.0
1490811,58.76288659793815,485.0,285.0,282.0,185.0,1.0,2.0
1490842,75.8527827648115,1114.0,845.0,826.0,229.0,0.0,19.0
1490852,69.68403074295473,1171.0,816.0,798.0,312.0,0.0,18.0
1490861,56.49432534678437,1586.0,896.0,881.0,688.0,0.0,15.0
1490886,75.60975609756098,1599.0,1209.0,1199.0,367.0,2.0,9.0
1490887,71.04128157732595,1623.0,1153.0,1130.0,457.0,0.0,23.0
1490890,76.25474483340363,2371.0,1808.0,1771.0,483.0,10.0,27.0
1490900,72.65715387581952,2593.0,1884.0,1863.0,622.0,0.0,21.0
1490901,60.23489932885906,1788.0,1077.0,1056.0,657.0,0.0,21.0
1490902,59.271099744245525,1564.0,927.0,910.0,606.0,0.0,17.0
1490952,100.0,21.0,21.0,21.0,37.0,0.0,0.0
1491045,71.41951837769328,1578.0,1127.0,1109.0,436.0,2.0,15.0
1491262,69.37253181219833,2279.0,1581.0,1571.0,614.0,1.0,9.0
1491336,73.39757017176372,2387.0,1752.0,1745.0,583.0,1.0,7.0
1491341,79.03930131004367,2290.0,1810.0,1801.0,399.0,0.0,7.0
1491352,59.48625506985128,2219.0,1320.0,1307.0,837.0,0.0,13.0
1491361,79.26267281105991,1519.0,1204.0,1178.0,296.0,0.0,26.0
1491379,78.43210802700675,2666.0,2091.0,2074.0,507.0,0.0,17.0
1491396,100.0,56.0,56.0,56.0,58.0,0.0,0.0
1491397,17.307692307692307,52.0,9.0,8.0,65.0,0.0,1.0
1491405,56.46209386281589,1385.0,782.0,765.0,637.0,0.0,17.0
1491412,43.51230425055929,894.0,389.0,383.0,528.0,0.0,6.0
1491416,34.30232558139535,1204.0,413.0,401.0,774.0,0.0,12.0
1491424,73.39502602660497,1729.0,1269.0,1242.0,460.0,7.0,20.0
1491443,64.18732782369146,1815.0,1165.0,1144.0,648.0,0.0,20.0
1491460,66.53318077803205,1748.0,1163.0,1150.0,569.0,2.0,11.0
1491473,12.5,8.0,1.0,1.0,78.0,0.0,0.0
1491476,7.547169811320755,53.0,4.0,4.0,61.0,0.0,0.0
1491482,40.21739130434783,92.0,37.0,32.0,57.0,0.0,5.0
1491485,65.84158415841584,1616.0,1064.0,1043.0,533.0,0.0,21.0
1491497,63.92487046632125,1544.0,987.0,973.0,556.0,1.0,13.0
1491514,73.23232323232324,1386.0,1015.0,1001.0,344.0,7.0,5.0
1491521,67.85998408910103,1257.0,853.0,850.0,415.0,2.0,1.0
1491541,14.925373134328357,67.0,10.0,10.0,78.0,0.0,0.0
1491542,100.0,109.0,109.0,106.0,228.0,0.0,3.0
1491545,97.77777777777776,45.0,44.0,41.0,9.0,0.0,3.0
1491574,78.76427829698858,1926.0,1517.0,1512.0,217.0,0.0,5.0
1491594,83.69525211630476,2717.0,2274.0,2257.0,276.0,0.0,14.0
1491679,100.0,94.0,94.0,94.0,5.0,0.0,0.0
1491682,73.40425531914893,188.0,138.0,133.0,53.0,1.0,4.0
1491684,44.73684210526316,38.0,17.0,17.0,21.0,0.0,0.0
1491685,78.57677902621722,1335.0,1049.0,1027.0,266.0,0.0,22.0
1491702,71.94293478260869,1472.0,1059.0,1058.0,362.0,0.0,1.0
1491716,75.23510971786834,1595.0,1200.0,1178.0,389.0,1.0,20.0
1491736,69.1289966923925,907.0,627.0,623.0,248.0,2.0,2.0
1491773,79.10034602076125,1445.0,1143.0,1129.0,276.0,2.0,12.0
1491795,74.78540772532189,932.0,697.0,680.0,216.0,2.0,15.0
1491801,75.52447552447552,1144.0,864.0,855.0,190.0,2.0,7.0
1491806,100.0,952.0,952.0,939.0,445.0,0.0,13.0
1491821,76.92307692307693,858.0,660.0,648.0,34.0,1.0,11.0
1491866,42.85714285714285,21.0,9.0,9.0,18.0,0.0,0.0
1491872,78.13105854982551,2579.0,2015.0,1998.0,538.0,1.0,16.0
1491879,64.73509933774835,2416.0,1564.0,1551.0,782.0,1.0,12.0
1491882,66.77240285487707,2522.0,1684.0,1665.0,787.0,0.0,18.0
1491896,68.73250699720111,2501.0,1719.0,1706.0,772.0,0.0,13.0
1491903,67.63070077864293,899.0,608.0,608.0,995.0,0.0,0.0
1491904,71.23287671232876,146.0,104.0,104.0,270.0,0.0,0.0
1491905,19.791666666666664,96.0,19.0,19.0,89.0,0.0,0.0
1491968,80.75079872204472,1252.0,1011.0,989.0,73.0,0.0,21.0
1491973,81.2797233030696,2313.0,1880.0,1849.0,315.0,0.0,30.0
1492000,53.17164179104478,1072.0,570.0,557.0,452.0,0.0,13.0
1492036,75.95048629531388,1131.0,859.0,856.0,53.0,0.0,3.0
1492039,82.63988522238164,1394.0,1152.0,1145.0,170.0,0.0,3.0
1492040,84.71960858110651,2657.0,2251.0,2230.0,87.0,0.0,21.0
1492059,69.33797909407666,1435.0,995.0,972.0,404.0,10.0,12.0
1492114,100.0,83.0,83.0,83.0,180.0,0.0,0.0
1492115,100.0,50.0,50.0,50.0,40.0,0.0,0.0
1492118,100.0,23.0,23.0,23.0,60.0,0.0,0.0
1492122,45.83333333333333,24.0,11.0,11.0,21.0,0.0,0.0
1492171,76.62801070472793,1121.0,859.0,840.0,250.0,0.0,19.0
1492197,48.814655172413794,928.0,453.0,443.0,463.0,0.0,10.0
1492210,54.40710209258085,1577.0,858.0,846.0,812.0,0.0,12.0
1492221,47.715404699738905,1532.0,731.0,724.0,775.0,0.0,7.0
1492223,64.39522998296422,1761.0,1134.0,1114.0,597.0,0.0,20.0
1492271,100.0,77.0,77.0,76.0,229.0,0.0,1.0
1492341,33.95872420262664,533.0,181.0,178.0,529.0,0.0,2.0
1492343,52.734375,256.0,135.0,134.0,359.0,0.0,1.0
1492344,56.00000000000001,25.0,14.0,14.0,25.0,0.0,0.0
1492350,52.95950155763239,1284.0,680.0,678.0,565.0,0.0,2.0
1492355,58.31381733021077,1281.0,747.0,741.0,518.0,1.0,5.0
1492403,79.18848167539268,2292.0,1815.0,1804.0,461.0,0.0,9.0
1492413,74.73002159827213,2315.0,1730.0,1721.0,578.0,0.0,8.0
1492490,9.230769230769232,65.0,6.0,6.0,71.0,0.0,0.0
1492492,15.151515151515152,66.0,10.0,10.0,73.0,0.0,0.0
1492496,48.22266934942992,1491.0,719.0,712.0,750.0,0.0,7.0
1492503,53.88471177944862,1596.0,860.0,847.0,735.0,0.0,13.0
1492512,54.91400491400491,1628.0,894.0,881.0,692.0,0.0,13.0
1492529,68.13768755516328,1133.0,772.0,753.0,364.0,0.0,19.0
1492596,64.33502070869766,2173.0,1398.0,1379.0,766.0,0.0,19.0
1492597,56.30657815328908,1657.0,933.0,919.0,678.0,0.0,14.0
1492599,54.30759412890874,1567.0,851.0,847.0,699.0,0.0,4.0
1492602,47.50162232316678,1541.0,732.0,727.0,782.0,0.0,5.0
1492603,53.79061371841155,1662.0,894.0,887.0,726.0,0.0,7.0
1492605,62.35236220472441,2032.0,1267.0,1244.0,725.0,0.0,23.0
1492622,52.41413638626182,2009.0,1053.0,1050.0,899.0,0.0,3.0
1492627,50.79365079365079,1260.0,640.0,636.0,607.0,0.0,4.0
1492630,39.371980676328505,1242.0,489.0,482.0,727.0,0.0,7.0
1492652,67.3780487804878,984.0,663.0,646.0,336.0,0.0,17.0
1492655,52.35880398671097,1505.0,788.0,783.0,708.0,0.0,5.0
1492665,51.539912005028285,1591.0,820.0,807.0,758.0,0.0,13.0
1492671,58.18181818181818,55.0,32.0,23.0,39.0,0.0,9.0
1492674,62.85714285714285,35.0,22.0,22.0,23.0,0.0,0.0
1492679,71.67194928684627,2524.0,1809.0,1789.0,649.0,0.0,20.0
1492686,67.04963235294117,2176.0,1459.0,1455.0,697.0,0.0,4.0
1492687,69.12780656303973,2316.0,1601.0,1594.0,696.0,0.0,7.0
1492690,66.02248770203795,2846.0,1879.0,1869.0,925.0,0.0,10.0
1492698,76.13843351548269,2745.0,2090.0,2069.0,535.0,0.0,21.0
1492703,60.0,25.0,15.0,14.0,11.0,0.0,1.0
1492736,100.0,47.0,47.0,47.0,108.0,0.0,0.0
1492738,17.647058823529413,85.0,15.0,14.0,76.0,0.0,1.0
1492761,75.75757575757575,33.0,25.0,17.0,20.0,0.0,8.0
1492770,51.61290322580645,62.0,32.0,32.0,22.0,0.0,0.0
1492771,62.22222222222222,45.0,28.0,21.0,17.0,0.0,7.0
1492830,18.461538461538463,65.0,12.0,12.0,112.0,0.0,0.0
1492831,52.94117647058824,17.0,9.0,8.0,10.0,0.0,1.0
1492844,64.74464579901154,607.0,393.0,391.0,196.0,1.0,1.0
1492895,57.68645357686454,1971.0,1137.0,1130.0,840.0,0.0,7.0
1492902,63.347022587269,974.0,617.0,612.0,374.0,2.0,3.0
1492908,59.623992837958816,1117.0,666.0,660.0,442.0,2.0,4.0
1493017,74.19117647058823,2720.0,2018.0,1994.0,637.0,0.0,24.0
1493092,36.60377358490566,530.0,194.0,190.0,447.0,0.0,4.0
1493134,21.16788321167883,137.0,29.0,28.0,141.0,0.0,1.0
1493164,25.53191489361702,47.0,12.0,12.0,35.0,0.0,0.0
1493210,72.04610951008645,1735.0,1250.0,1244.0,514.0,1.0,4.0
1493224,65.22781774580336,417.0,272.0,268.0,146.0,1.0,3.0
1493237,51.72413793103448,58.0,30.0,23.0,91.0,0.0,7.0
1493308,95.37037037037037,108.0,103.0,94.0,108.0,0.0,9.0
1493309,100.0,38.0,38.0,38.0,23.0,0.0,0.0
1493352,63.107638888888886,1152.0,727.0,722.0,460.0,1.0,4.0
1493363,62.18354430379747,1264.0,786.0,778.0,492.0,1.0,7.0
1493364,64.24294268605647,1169.0,751.0,734.0,436.0,0.0,17.0
1493384,67.78929188255614,2316.0,1570.0,1556.0,760.0,0.0,13.0
1493386,59.5405232929164,1567.0,933.0,920.0,651.0,1.0,12.0
1493399,63.71603856266434,1141.0,727.0,727.0,413.0,0.0,0.0
1493449,64.25178147268409,842.0,541.0,540.0,279.0,1.0,0.0
1493481,17.8343949044586,157.0,28.0,25.0,163.0,0.0,3.0
1493483,79.41176470588235,612.0,486.0,473.0,268.0,0.0,13.0
1493544,67.3217550274223,2188.0,1473.0,1455.0,730.0,0.0,18.0
1493598,68.8039457459926,811.0,558.0,548.0,273.0,2.0,8.0
1493614,26.47058823529412,34.0,9.0,9.0,26.0,0.0,0.0
1493639,67.69825918762089,517.0,350.0,347.0,183.0,1.0,2.0
1493655,67.68095896726602,2169.0,1468.0,1456.0,747.0,3.0,9.0
1493660,61.800346220427,1733.0,1071.0,1056.0,695.0,1.0,14.0
1493661,68.18181818181817,1628.0,1110.0,1093.0,575.0,4.0,13.0
1493669,70.15366430260048,1692.0,1187.0,1170.0,535.0,1.0,16.0
1493707,73.47826086956522,460.0,338.0,335.0,112.0,2.0,1.0
1493728,50.0,68.0,34.0,24.0,38.0,0.0,10.0
1493801,56.00000000000001,50.0,28.0,28.0,245.0,0.0,0.0
1493810,58.333333333333336,24.0,14.0,14.0,28.0,0.0,0.0
1493852,63.85542168674698,83.0,53.0,45.0,68.0,0.0,8.0
1493860,74.9721293199554,1794.0,1345.0,1317.0,421.0,15.0,13.0
1493872,73.03312629399586,1932.0,1411.0,1395.0,512.0,2.0,14.0
1493943,43.60189573459716,633.0,276.0,273.0,441.0,0.0,3.0
1493953,65.49773755656109,1768.0,1158.0,1156.0,606.0,0.0,2.0
1493958,65.83990980834274,887.0,584.0,568.0,312.0,0.0,16.0
1493962,59.17655268667132,1433.0,848.0,844.0,628.0,2.0,2.0
1493975,100.0,12.0,12.0,12.0,0.0,0.0,0.0
1493988,47.675568743818005,1011.0,482.0,481.0,566.0,0.0,1.0
1493993,78.82231404958677,968.0,763.0,745.0,518.0,0.0,18.0
1493998,40.0974025974026,616.0,247.0,246.0,384.0,0.0,1.0
1494005,56.00000000000001,25.0,14.0,14.0,14.0,0.0,0.0
1494059,67.05829191143245,2213.0,1484.0,1469.0,767.0,0.0,15.0
1494144,63.327370304114496,559.0,354.0,346.0,207.0,1.0,6.0
1494171,100.0,29.0,29.0,28.0,72.0,0.0,1.0
1494174,49.71932638331997,1247.0,620.0,612.0,632.0,0.0,8.0
1494184,62.747252747252745,2730.0,1713.0,1703.0,1007.0,0.0,10.0
1494186,71.28712871287128,2424.0,1728.0,1713.0,689.0,0.0,15.0
1494187,63.11996608732514,2359.0,1489.0,1478.0,914.0,0.0,11.0
1494189,62.84722222222222,2304.0,1448.0,1434.0,862.0,1.0,13.0
1494191,54.224738675958186,2296.0,1245.0,1236.0,965.0,0.0,9.0
1494192,55.51163812033377,2277.0,1264.0,1255.0,1048.0,0.0,9.0
1494193,51.64930555555556,2304.0,1190.0,1180.0,1120.0,0.0,10.0
1494194,53.61648444070648,2378.0,1275.0,1266.0,1122.0,0.0,9.0
1494195,58.966074313408726,2476.0,1460.0,1448.0,1035.0,0.0,12.0
1494198,63.26013513513513,2368.0,1498.0,1494.0,920.0,0.0,4.0
1494199,62.91234684260132,2122.0,1335.0,1329.0,808.0,0.0,6.0
1494201,68.19026384243776,2691.0,1835.0,1824.0,824.0,0.0,11.0
1494204,22.53521126760564,71.0,16.0,16.0,94.0,0.0,0.0
1494223,54.55128205128205,1560.0,851.0,848.0,694.0,0.0,3.0
1494233,45.68527918781726,788.0,360.0,359.0,409.0,0.0,1.0
1494244,63.877207737594624,2378.0,1519.0,1506.0,840.0,0.0,13.0
1494246,62.30388109000826,2422.0,1509.0,1499.0,881.0,0.0,10.0
1494247,67.68027801911381,2302.0,1558.0,1539.0,793.0,0.0,19.0
1494248,68.96162528216703,2658.0,1833.0,1810.0,854.0,0.0,23.0
1494249,65.24563540397888,2463.0,1607.0,1600.0,889.0,0.0,7.0
1494254,75.0,24.0,18.0,18.0,17.0,0.0,0.0
1494285,54.79704797047971,1084.0,594.0,589.0,449.0,2.0,4.0
1494298,58.333333333333336,36.0,21.0,21.0,24.0,0.0,0.0
1494370,52.09537572254336,1384.0,721.0,717.0,632.0,0.0,4.0
1494373,62.423227247347846,1791.0,1118.0,1107.0,661.0,1.0,10.0
1494379,68.7402799377916,1929.0,1326.0,1317.0,568.0,1.0,8.0
1494385,61.741293532338304,2010.0,1241.0,1234.0,798.0,0.0,7.0
1494392,43.532058492688414,889.0,387.0,385.0,528.0,0.0,2.0
1494416,64.18056918547596,1019.0,654.0,652.0,404.0,1.0,1.0
1494426,9.473684210526317,95.0,9.0,9.0,93.0,0.0,0.0
1494442,22.666666666666664,75.0,17.0,17.0,67.0,0.0,0.0
1494464,60.13597033374537,1618.0,973.0,972.0,714.0,0.0,1.0
1494467,59.25297113752123,1178.0,698.0,689.0,502.0,3.0,6.0
1494492,48.888888888888886,90.0,44.0,38.0,55.0,0.0,6.0
1494493,59.34959349593496,615.0,365.0,356.0,224.0,3.0,6.0
1494497,47.4972191323693,899.0,427.0,424.0,472.0,0.0,3.0
1494521,100.0,15.0,15.0,15.0,25.0,0.0,0.0
1494551,63.569165786694825,947.0,602.0,590.0,284.0,2.0,10.0
1494620,46.455026455026456,945.0,439.0,432.0,526.0,0.0,7.0
1494643,15.384615384615383,78.0,12.0,11.0,88.0,0.0,1.0
1494654,64.28571428571429,14.0,9.0,9.0,37.0,0.0,0.0
1494663,56.13207547169812,424.0,238.0,235.0,177.0,1.0,2.0
1494676,1.96078431372549,51.0,1.0,1.0,76.0,0.0,0.0
1494708,59.67741935483871,1426.0,851.0,849.0,590.0,1.0,2.0
1494720,16.666666666666664,72.0,12.0,12.0,85.0,0.0,0.0
1494721,26.666666666666668,15.0,4.0,4.0,12.0,0.0,0.0
1494755,100.0,41.0,41.0,40.0,12.0,0.0,1.0
1494775,67.0510708401977,607.0,407.0,401.0,123.0,1.0,5.0
1494798,83.3117723156533,773.0,644.0,631.0,69.0,0.0,13.0
1494818,43.80321665089877,1057.0,463.0,461.0,553.0,0.0,2.0
1494836,48.2444733420026,769.0,371.0,360.0,373.0,0.0,11.0
1494853,56.20280474649406,1854.0,1042.0,1033.0,805.0,0.0,9.0
1494855,45.79624134520277,1011.0,463.0,462.0,540.0,0.0,1.0
1494856,62.51354279523294,1846.0,1154.0,1141.0,703.0,1.0,12.0
1494857,48.87218045112782,1064.0,520.0,518.0,536.0,0.0,2.0
1494919,53.45060893098782,1478.0,790.0,787.0,703.0,0.0,3.0
1494940,75.42372881355932,826.0,623.0,621.0,195.0,1.0,1.0
1494944,58.43793584379359,717.0,419.0,408.0,299.0,4.0,7.0
1494985,18.548387096774192,124.0,23.0,23.0,132.0,0.0,0.0
1495111,62.354651162790695,688.0,429.0,421.0,257.0,2.0,6.0
1495139,70.40395713107996,2426.0,1708.0,1690.0,697.0,0.0,18.0
1495141,66.39061421670117,1449.0,962.0,946.0,505.0,1.0,13.0
1495165,5.0,20.0,1.0,1.0,25.0,0.0,0.0
1495168,70.47619047619048,630.0,444.0,441.0,101.0,2.0,1.0
1495190,81.94690265486726,1695.0,1389.0,1376.0,288.0,2.0,10.0
1495191,89.22734026745914,1346.0,1201.0,1192.0,38.0,0.0,7.0
1495196,67.53875968992247,1032.0,697.0,686.0,313.0,2.0,8.0
1495216,74.125,2400.0,1779.0,1773.0,438.0,2.0,4.0
1495217,72.1419185282523,1522.0,1098.0,1077.0,343.0,1.0,20.0
1495220,78.91236306729265,2556.0,2017.0,1993.0,342.0,1.0,23.0
1495229,78.31912302070646,1642.0,1286.0,1275.0,243.0,3.0,8.0
1495240,77.46126936531735,2001.0,1550.0,1528.0,397.0,2.0,20.0
1495254,89.8580121703854,986.0,886.0,879.0,49.0,0.0,7.0
1495257,28.000000000000004,250.0,70.0,70.0,333.0,0.0,0.0
1495283,69.93865030674846,1956.0,1368.0,1354.0,578.0,1.0,13.0
1495376,66.86626746506987,2004.0,1340.0,1327.0,675.0,2.0,11.0
1495402,62.61538461538462,650.0,407.0,401.0,205.0,2.0,4.0
1495408,54.99726925177498,1831.0,1007.0,1001.0,798.0,0.0,6.0
1495409,62.77955271565495,1878.0,1179.0,1176.0,630.0,0.0,3.0
1495428,73.07302231237323,1972.0,1441.0,1423.0,533.0,6.0,11.0
1495437,36.01190476190476,672.0,242.0,237.0,546.0,0.0,5.0
1495438,47.5,40.0,19.0,19.0,27.0,0.0,0.0
1495477,71.75925925925925,216.0,155.0,151.0,62.0,1.0,3.0
1495581,21.69811320754717,106.0,23.0,22.0,77.0,0.0,1.0
1495605,18.055555555555557,72.0,13.0,13.0,63.0,0.0,0.0
1495613,56.85534591194968,795.0,452.0,447.0,326.0,1.0,4.0
1495632,63.05872042068361,2282.0,1439.0,1427.0,791.0,0.0,12.0
1495643,67.05933682373472,2292.0,1537.0,1516.0,721.0,0.0,20.0
1495674,72.03107658157603,2703.0,1947.0,1927.0,711.0,0.0,20.0
1495676,70.93821510297484,2622.0,1860.0,1842.0,750.0,0.0,18.0
1495690,64.75675675675676,1850.0,1198.0,1177.0,599.0,1.0,20.0
1495799,13.79310344827586,29.0,4.0,4.0,26.0,0.0,0.0
1495824,100.0,44.0,44.0,44.0,8.0,0.0,0.0
1495835,66.06280193236715,1656.0,1094.0,1087.0,533.0,1.0,6.0
1495871,53.04761904761904,1050.0,557.0,552.0,481.0,1.0,4.0
1495872,60.51243406179352,1327.0,803.0,792.0,536.0,1.0,10.0
1495930,63.27985739750446,561.0,355.0,348.0,205.0,2.0,5.0
1496023,76.37698898408813,1634.0,1248.0,1240.0,395.0,2.0,6.0
1496043,20.0,20.0,4.0,4.0,14.0,0.0,0.0
1496087,74.12177985948477,854.0,633.0,617.0,206.0,1.0,15.0
1496134,68.61538461538461,325.0,223.0,218.0,97.0,2.0,3.0
1496197,24.13793103448276,29.0,7.0,7.0,24.0,0.0,0.0
1496207,65.77639751552795,1610.0,1059.0,1044.0,536.0,1.0,14.0
1496261,68.02999318336742,1467.0,998.0,987.0,340.0,5.0,6.0
1496269,64.08866995073892,2030.0,1301.0,1280.0,694.0,0.0,21.0
1496275,63.365650969529085,1444.0,915.0,896.0,509.0,0.0,19.0
1496322,77.21746960828456,2221.0,1715.0,1689.0,453.0,2.0,23.0
1496336,75.47297297297297,1480.0,1117.0,1097.0,353.0,3.0,17.0
1496386,100.0,84.0,84.0,84.0,66.0,0.0,0.0
1496457,58.76288659793815,194.0,114.0,114.0,365.0,0.0,0.0
1496461,23.214285714285715,56.0,13.0,11.0,58.0,0.0,2.0
1496588,45.80152671755725,131.0,60.0,51.0,83.0,0.0,9.0
1496601,16.666666666666664,48.0,8.0,8.0,150.0,0.0,0.0
1496616,72.44680851063829,1880.0,1362.0,1357.0,523.0,2.0,3.0
1496639,66.34059582036461,2249.0,1492.0,1482.0,764.0,0.0,9.0
1496640,61.80150125104254,2398.0,1482.0,1471.0,873.0,0.0,11.0
1496659,61.371428571428574,1750.0,1074.0,1071.0,676.0,0.0,3.0
1496673,57.99999999999999,50.0,29.0,24.0,21.0,0.0,5.0
1496710,62.54071661237784,307.0,192.0,189.0,109.0,1.0,2.0
1496763,71.86897880539499,519.0,373.0,368.0,127.0,1.0,4.0
1496792,74.3047830923248,1798.0,1336.0,1316.0,443.0,2.0,18.0
1496855,74.5042492917847,2471.0,1841.0,1819.0,588.0,0.0,22.0
1496868,77.68385460693153,1183.0,919.0,906.0,272.0,2.0,11.0
1496877,89.26940639269407,1752.0,1564.0,1544.0,173.0,2.0,18.0
1496892,82.84296348812478,2821.0,2337.0,2317.0,379.0,0.0,20.0
1496893,86.25045110068568,2771.0,2390.0,2362.0,320.0,0.0,28.0
1496918,71.07574094401757,1822.0,1295.0,1274.0,443.0,4.0,17.0
1496932,86.35578583765113,1158.0,1000.0,996.0,85.0,0.0,4.0
1496948,80.12700784460218,2677.0,2145.0,2122.0,293.0,1.0,21.0
1497005,100.0,76.0,76.0,72.0,5.0,0.0,4.0
1497008,81.78717598908595,2932.0,2398.0,2376.0,346.0,0.0,22.0
1497009,84.22597212032281,2726.0,2296.0,2281.0,322.0,0.0,15.0
1497016,87.61770244821092,2124.0,1861.0,1850.0,66.0,0.0,11.0
1497053,84.91537895511405,1359.0,1154.0,1140.0,155.0,6.0,8.0
1497059,85.68329718004338,1383.0,1185.0,1170.0,34.0,0.0,15.0
1497073,88.85316184351554,933.0,829.0,825.0,105.0,0.0,4.0
1497240,70.37201062887512,2258.0,1589.0,1568.0,638.0,0.0,21.0
1497244,68.57798165137615,1744.0,1196.0,1172.0,509.0,0.0,24.0
1497281,71.36243386243386,1512.0,1079.0,1061.0,362.0,7.0,11.0
1497297,79.57405614714425,2066.0,1644.0,1615.0,219.0,1.0,28.0
1497351,68.51063829787233,2350.0,1610.0,1602.0,658.0,0.0,8.0
1497355,74.83234714003945,2535.0,1897.0,1882.0,598.0,0.0,15.0
1497430,67.65937645416473,2149.0,1454.0,1448.0,658.0,0.0,6.0
1497461,65.16782773907536,1579.0,1029.0,1029.0,584.0,0.0,0.0
1497508,50.0,24.0,12.0,11.0,13.0,0.0,1.0
1497558,73.75389408099689,1284.0,947.0,927.0,343.0,0.0,20.0
1497603,70.40296433534043,2159.0,1520.0,1508.0,556.0,1.0,11.0
1497665,52.99600532623169,1502.0,796.0,793.0,716.0,0.0,3.0
1497762,75.66807313642757,1422.0,1076.0,1065.0,369.0,3.0,8.0
1497777,53.403141361256544,191.0,102.0,101.0,385.0,0.0,1.0
1497780,4.545454545454546,88.0,4.0,4.0,105.0,0.0,0.0
1497856,71.8560074801309,2139.0,1537.0,1523.0,584.0,1.0,13.0
1497875,83.67129135538954,2811.0,2352.0,2327.0,360.0,1.0,23.0
1497899,84.87104493485775,3761.0,3192.0,3145.0,353.0,0.0,47.0
1497920,80.06060606060606,1650.0,1321.0,1310.0,239.0,2.0,8.0
1497924,83.0094392004442,1801.0,1495.0,1484.0,151.0,1.0,9.0
1497960,82.33233233233234,1998.0,1645.0,1627.0,254.0,3.0,15.0
1497966,79.21734531993654,1891.0,1498.0,1471.0,320.0,0.0,27.0
1497971,86.180998873451,2663.0,2295.0,2259.0,207.0,0.0,35.0
1497972,85.86443586443586,4662.0,4003.0,3963.0,307.0,0.0,42.0
1497980,78.08747855917667,2332.0,1821.0,1793.0,464.0,2.0,25.0
1497997,81.14511352418559,3039.0,2466.0,2435.0,443.0,0.0,31.0
1498027,82.41469816272966,1905.0,1570.0,1548.0,257.0,3.0,19.0
1498035,82.00290275761974,2756.0,2260.0,2230.0,370.0,0.0,30.0
1498046,88.89782783588093,2486.0,2210.0,2175.0,228.0,0.0,35.0
1498049,89.73738769868694,2894.0,2597.0,2566.0,159.0,0.0,30.0
1498055,86.24631268436578,2712.0,2339.0,2323.0,304.0,0.0,16.0
1498057,86.8930266520628,2739.0,2380.0,2348.0,388.0,0.0,31.0
1498058,86.41449120937666,1877.0,1622.0,1611.0,117.0,3.0,8.0
1498075,86.14850195397308,2303.0,1984.0,1963.0,264.0,1.0,20.0
1498079,77.44733581164807,1614.0,1250.0,1231.0,271.0,5.0,14.0
1498082,78.75,1520.0,1197.0,1182.0,221.0,3.0,12.0
1498086,84.06816337571004,3697.0,3108.0,3081.0,415.0,0.0,27.0
1498090,84.42492012779552,2504.0,2114.0,2084.0,344.0,0.0,30.0
1498093,58.06451612903226,31.0,18.0,13.0,14.0,0.0,5.0
1498094,43.333333333333336,30.0,13.0,12.0,12.0,0.0,1.0
1498108,27.77777777777778,18.0,5.0,4.0,14.0,0.0,1.0
1498111,42.85714285714285,28.0,12.0,12.0,17.0,0.0,0.0
1498112,58.06451612903226,31.0,18.0,18.0,14.0,0.0,0.0
1498119,98.35164835164836,182.0,179.0,170.0,8.0,0.0,9.0
1498122,100.0,35.0,35.0,34.0,3.0,0.0,1.0
1498147,51.67682926829268,1312.0,678.0,667.0,638.0,1.0,10.0
1498151,46.6734902763562,977.0,456.0,453.0,502.0,0.0,3.0
1498199,56.02094240837696,382.0,214.0,212.0,155.0,1.0,1.0
1498217,61.45930776426567,1069.0,657.0,641.0,421.0,0.0,15.0
1498226,58.28617623282134,1237.0,721.0,722.0,492.0,0.0,0.0
1498284,100.0,97.0,97.0,96.0,22.0,0.0,1.0
1498314,78.39262187088273,759.0,595.0,580.0,442.0,0.0,15.0
1498319,60.10016694490818,599.0,360.0,355.0,224.0,1.0,4.0
1498336,52.39234449760766,1254.0,657.0,645.0,596.0,0.0,12.0
1498387,58.620689655172406,58.0,34.0,27.0,12.0,0.0,7.0
1498403,79.58115183246073,191.0,152.0,143.0,50.0,0.0,9.0
1498404,86.42966360856269,2616.0,2261.0,2246.0,781.0,6.0,9.0
1498406,88.08651026392963,2728.0,2403.0,2376.0,495.0,0.0,16.0
1498411,59.390444810543656,1214.0,721.0,715.0,279.0,1.0,5.0
1498417,84.96953283683142,2954.0,2510.0,2492.0,772.0,0.0,18.0
1498471,18.75,32.0,6.0,5.0,30.0,0.0,1.0
1498473,12.0,75.0,9.0,9.0,112.0,0.0,0.0
1498527,17.56756756756757,74.0,13.0,13.0,67.0,0.0,0.0
1498531,77.55102040816327,1764.0,1368.0,1362.0,144.0,0.0,6.0
1498541,64.27221172022685,1058.0,680.0,667.0,361.0,5.0,9.0
1498557,87.15380082498527,1697.0,1479.0,1465.0,93.0,6.0,8.0
1498558,77.40259740259741,1925.0,1490.0,1480.0,683.0,0.0,10.0
1498580,84.54833597464342,1262.0,1067.0,1066.0,304.0,0.0,1.0
1498590,70.0,30.0,21.0,20.0,4.0,0.0,1.0
1498602,92.37182159233014,2399.0,2216.0,2210.0,156.0,0.0,6.0
1498605,82.17461600646726,2474.0,2033.0,2021.0,77.0,0.0,12.0
1498619,88.99359215981907,2653.0,2361.0,2349.0,166.0,0.0,12.0
1498622,81.66747927840078,2051.0,1675.0,1665.0,90.0,0.0,10.0
1498653,89.44974988631196,2199.0,1967.0,1956.0,283.0,0.0,11.0
1498654,100.0,602.0,602.0,597.0,70.0,0.0,5.0
1498655,90.78398665554629,2398.0,2177.0,2162.0,154.0,1.0,14.0
1498711,65.42857142857143,350.0,229.0,227.0,121.0,1.0,1.0
1498740,69.6714406065712,1187.0,827.0,818.0,386.0,2.0,7.0
1498743,16.43835616438356,73.0,12.0,12.0,99.0,0.0,0.0
1498759,50.32258064516129,155.0,78.0,77.0,72.0,1.0,0.0
1498768,25.78616352201258,159.0,41.0,34.0,130.0,1.0,6.0
1498789,84.61538461538461,1287.0,1089.0,1077.0,102.0,1.0,11.0
1498793,77.95648060548723,1057.0,824.0,818.0,709.0,0.0,5.0
1498819,68.24754193175245,1729.0,1180.0,1171.0,614.0,2.0,7.0
1498838,65.2027027027027,1184.0,772.0,763.0,410.0,3.0,6.0
1498862,62.003780718336486,529.0,328.0,323.0,195.0,2.0,3.0
1498864,19.41747572815534,103.0,20.0,20.0,119.0,0.0,0.0
1498890,92.24137931034484,2436.0,2247.0,2236.0,88.0,0.0,10.0
1498917,93.14627414903404,2174.0,2025.0,2014.0,430.0,0.0,11.0
1498995,41.734860883797054,611.0,255.0,254.0,357.0,0.0,1.0
1499011,83.64553314121036,1388.0,1161.0,1157.0,228.0,1.0,3.0
1499035,60.85011185682326,447.0,272.0,268.0,155.0,1.0,3.0
1499076,52.73412947831553,1591.0,839.0,831.0,728.0,0.0,8.0
1499144,93.5820895522388,670.0,627.0,623.0,196.0,0.0,4.0
1499151,62.811127379209374,683.0,429.0,414.0,238.0,0.0,15.0
1499233,62.63269639065817,1884.0,1180.0,1169.0,731.0,2.0,9.0
1499239,61.25000000000001,1920.0,1176.0,1166.0,811.0,1.0,9.0
1499249,81.7780794027825,2947.0,2410.0,2389.0,456.0,0.0,20.0
1499280,74.84276729559748,954.0,714.0,708.0,1229.0,0.0,6.0
1499295,90.71428571428572,140.0,127.0,125.0,326.0,0.0,2.0
1499310,70.56145675265554,1318.0,930.0,907.0,351.0,0.0,23.0
1499346,74.62437395659433,1198.0,894.0,882.0,227.0,3.0,9.0
1499364,79.47826086956522,1725.0,1371.0,1353.0,301.0,3.0,15.0
1499385,62.26126814362109,1309.0,815.0,805.0,449.0,3.0,7.0
1499407,72.67789244975556,1841.0,1338.0,1338.0,452.0,0.0,0.0
1499436,81.95121951219512,2050.0,1680.0,1656.0,316.0,6.0,18.0
1499453,79.09982174688056,2244.0,1775.0,1752.0,419.0,1.0,22.0
1499462,82.61303191489363,3008.0,2485.0,2463.0,444.0,0.0,22.0
1499465,83.90846349436978,2753.0,2310.0,2293.0,552.0,0.0,16.0
1499466,85.19930675909879,2885.0,2458.0,2433.0,452.0,0.0,25.0
1499474,77.67686424474188,2092.0,1625.0,1595.0,452.0,0.0,30.0
1499489,73.3011511325659,2693.0,1974.0,1952.0,546.0,0.0,22.0
1499495,100.0,35.0,35.0,34.0,39.0,0.0,1.0
1499497,86.8421052631579,152.0,132.0,131.0,333.0,0.0,1.0
1499500,100.0,146.0,146.0,142.0,336.0,0.0,4.0
1499501,100.0,35.0,35.0,33.0,25.0,0.0,2.0
1499505,86.0,450.0,387.0,373.0,225.0,0.0,14.0
1499509,61.82572614107884,241.0,149.0,145.0,475.0,0.0,4.0
1499511,100.0,978.0,978.0,972.0,211.0,0.0,6.0
1499536,94.69290399522956,1677.0,1588.0,1581.0,67.0,0.0,7.0
